anio,jugador_id,seleccion_id,goles
2022,3,37,8
2022,1,5,7
2022,122,5,4
2022,11,37,4
2022,59,63,3
2022,34,35,3
2022,149,68,3
2022,57,46,3
2022,81,10,3
2022,54,46,3
2022,18,28,3
2022,104,14,2
2022,64,3,2
2022,108,21,2
2022,131,83,2
2022,68,55,2
2022,76,77,2
2022,124,58,2
2022,110,68,2
2022,99,1,2
2022,130,1,2
2022,22,46,2
2022,96,24,2
2022,107,39,2
2022,79,68,2
2022,5,67,2
2022,103,74,2
2022,12,10,2
2022,56,50,2
2022,72,35,2
2022,153,63,2
2022,94,58,1
2022,151,77,1
2022,63,3,1
2022,69,55,1
2022,71,35,1
2022,77,39,1
2022,62,38,1
2022,75,12,1
2022,53,46,1
2022,139,63,1
2022,80,39,1
2022,113,28,1
2022,109,10,1
2022,100,14,1
2022,120,59,1
2022,82,50,1
2022,105,14,1
2022,90,27,1
2022,159,58,1
2022,95,15,1
2022,111,63,1
2022,138,63,1
2022,31,5,1
2022,84,73,1
2022,85,73,1
2022,87,73,1
2022,88,6,1
2022,141,63,1
2022,78,68,1
2022,91,5,1
2022,115,46,1
2022,137,77,1
2022,92,22,1
2022,73,35,1
2022,127,1,1
2022,65,6,1
2022,58,46,1
2022,150,68,1
2022,67,1,1
2022,158,24,1
2022,143,46,1
2022,156,37,1
2022,132,68,1
2022,134,21,1
2022,118,81,1
2022,133,21,1
2022,60,63,1
2022,157,37,1
2022,114,73,1
2022,117,6,1
2022,97,24,1
2022,121,5,1
2022,144,55,1
2022,98,24,1
2022,119,59,1
2022,102,74,1
2022,152,5,1
2022,86,16,1
2022,70,35,1
2022,160,24,1
2022,148,21,1
2022,147,10,1
2022,101,74,1
2022,30,68,1
2022,145,24,1
2022,154,24,1
2022,116,36,1
2022,66,37,1
2022,83,50,1
2022,2,68,1
2022,93,58,1
2022,106,39,1
2022,112,73,1
2022,135,77,1
2022,74,35,1
2022,55,46,1
2022,126,55,1
2022,155,37,1
2022,128,22,1
2022,129,22,1
2022,146,10,1
2022,136,74,1
2022,61,36,1
2022,140,36,1
2022,89,67,1
2022,123,58,1
2018,22,46,6
2018,162,72,4
2018,40,37,4
2018,180,12,4
2018,3,37,4
2018,2,68,4
2018,45,83,3
2018,166,35,3
2018,163,72,3
2018,199,12,3
2018,239,24,3
2018,204,19,3
2018,145,24,3
2018,29,5,2
2018,178,76,2
2018,208,55,2
2018,169,6,2
2018,118,81,2
2018,7,24,2
2018,193,60,2
2018,12,10,2
2018,174,10,2
2018,189,29,2
2018,198,21,2
2018,201,46,2
2018,24,83,2
2018,64,3,1
2018,212,3,1
2018,253,46,1
2018,214,50,1
2018,217,35,1
2018,229,76,1
2018,222,24,1
2018,203,64,1
2018,75,12,1
2018,234,67,1
2018,233,81,1
2018,215,58,1
2018,200,81,1
2018,218,66,1
2018,244,12,1
2018,206,19,1
2018,248,12,1
2018,31,5,1
2018,227,77,1
2018,225,77,1
2018,124,58,1
2018,190,27,1
2018,205,19,1
2018,243,12,1
2018,251,72,1
2018,172,51,1
2018,245,76,1
2018,161,72,1
2018,165,83,1
2018,164,72,1
2018,219,66,1
2018,241,55,1
2018,44,59,1
2018,210,55,1
2018,216,35,1
2018,231,12,1
2018,238,27,1
2018,185,55,1
2018,133,21,1
2018,176,74,1
2018,96,24,1
2018,197,1,1
2018,184,67,1
2018,202,46,1
2018,177,59,1
2018,252,46,1
2018,207,73,1
2018,235,5,1
2018,179,12,1
2018,1,5,1
2018,256,12,1
2018,103,74,1
2018,220,60,1
2018,167,35,1
2018,183,73,1
2018,187,55,1
2018,224,10,1
2018,236,37,1
2018,30,68,1
2018,258,37,1
2018,213,68,1
2018,186,19,1
2018,192,24,1
2018,191,24,1
2018,249,10,1
2018,196,1,1
2018,240,10,1
2018,221,5,1
2018,181,81,1
2018,135,77,1
2018,223,51,1
2018,39,10,1
2018,195,76,1
2018,255,46,1
2018,254,37,1
2018,246,37,1
2018,47,59,1
2018,242,12,1
2018,250,24,1
2018,209,73,1
2018,226,22,1
2018,194,77,1
2018,171,27,1
2018,175,77,1
2014,19,19,6
2014,16,1,5
2014,1,5,4
2014,12,10,4
2014,263,63,4
2014,14,37,3
2014,264,63,3
2014,337,1,3
2014,135,77,3
2014,18,28,3
2014,77,39,2
2014,272,23,2
2014,268,6,2
2014,331,10,2
2014,286,36,2
2014,138,63,2
2014,309,4,2
2014,273,23,2
2014,301,1,2
2014,302,39,2
2014,285,1,2
2014,6,1,2
2014,197,1,2
2014,239,24,2
2014,322,19,2
2014,193,60,2
2014,260,10,2
2014,145,24,2
2014,295,22,2
2014,266,17,2
2014,307,4,2
2014,24,83,2
2014,262,35,1
2014,293,17,1
2014,270,19,1
2014,279,53,1
2014,269,17,1
2014,139,63,1
2014,310,4,1
2014,287,36,1
2014,274,22,1
2014,45,83,1
2014,299,42,1
2014,206,19,1
2014,248,12,1
2014,265,63,1
2014,31,5,1
2014,332,59,1
2014,275,22,1
2014,325,9,1
2014,225,77,1
2014,288,4,1
2014,243,12,1
2014,320,63,1
2014,314,10,1
2014,313,10,1
2014,327,50,1
2014,11,37,1
2014,41,83,1
2014,339,36,1
2014,316,59,1
2014,271,19,1
2014,308,4,1
2014,44,59,1
2014,340,5,1
2014,210,55,1
2014,334,63,1
2014,284,9,1
2014,169,6,1
2014,304,36,1
2014,290,72,1
2014,341,1,1
2014,330,72,1
2014,311,21,1
2014,289,21,1
2014,180,12,1
2014,277,53,1
2014,315,59,1
2014,319,35,1
2014,312,14,1
2014,296,37,1
2014,280,77,1
2014,179,12,1
2014,303,68,1
2014,300,60,1
2014,321,55,1
2014,291,24,1
2014,306,12,1
2014,338,1,1
2014,335,40,1
2014,261,59,1
2014,326,9,1
2014,258,37,1
2014,186,19,1
2014,221,5,1
2014,2,68,1
2014,294,46,1
2014,324,40,1
2014,323,40,1
2014,281,77,1
2014,39,10,1
2014,298,37,1
2014,333,63,1
2014,198,21,1
2014,278,46,1
2014,318,35,1
2014,276,22,1
2014,297,37,1
2014,267,17,1
2014,305,68,1
2014,292,17,1
2014,242,12,1
2014,317,35,1
2014,328,9,1
2014,342,63,1
2014,194,77,1
2010,50,83,5
2010,16,1,5
2010,333,63,5
2010,317,35,5
2010,340,5,4
2010,6,1,4
2010,355,33,4
2010,370,36,3
2010,302,39,3
2010,380,10,3
2010,24,83,3
2010,358,10,2
2010,373,14,2
2010,44,59,2
2010,372,6,2
2010,210,55,2
2010,405,35,2
2010,345,21,2
2010,366,21,2
2010,349,1,2
2010,264,63,2
2010,410,10,2
2010,48,5,2
2010,385,68,2
2010,362,60,2
2010,392,60,1
2010,353,65,1
2010,384,68,1
2010,269,17,1
2010,374,27,1
2010,368,34,1
2010,43,59,1
2010,407,39,1
2010,371,36,1
2010,350,1,1
2010,268,6,1
2010,45,83,1
2010,354,53,1
2010,395,46,1
2010,393,5,1
2010,286,36,1
2010,397,53,1
2010,381,23,1
2010,400,55,1
2010,360,77,1
2010,412,1,1
2010,347,46,1
2010,387,17,1
2010,344,5,1
2010,334,63,1
2010,379,53,1
2010,416,1,1
2010,359,20,1
2010,367,74,1
2010,409,10,1
2010,404,23,1
2010,341,1,1
2010,388,75,1
2010,398,33,1
2010,348,34,1
2010,352,63,1
2010,386,68,1
2010,369,34,1
2010,357,10,1
2010,390,37,1
2010,315,59,1
2010,382,68,1
2010,406,17,1
2010,389,75,1
2010,411,39,1
2010,321,55,1
2010,338,1,1
2010,394,5,1
2010,396,74,1
2010,391,21,1
2010,346,21,1
2010,361,83,1
2010,414,83,1
2010,415,35,1
2010,399,53,1
2010,356,62,1
2010,377,65,1
2010,403,23,1
2010,375,27,1
2010,2,68,1
2010,363,40,1
2010,383,68,1
2010,378,62,1
2010,401,27,1
2010,364,40,1
2010,402,23,1
2010,343,75,1
2010,408,46,1
2010,413,63,1
2010,263,63,1
2010,376,65,1
2006,6,1,5
2006,423,5,3
2006,454,37,3
2006,349,1,3
2006,446,5,3
2006,4,10,3
2006,318,35,3
2006,317,35,3
2006,33,37,3
2006,453,10,2
2006,464,67,2
2006,425,59,2
2006,268,6,2
2006,421,28,2
2006,472,23,2
2006,455,77,2
2006,347,46,2
2006,474,68,2
2006,478,53,2
2006,431,70,2
2006,501,1,2
2006,461,82,2
2006,420,28,2
2006,498,53,2
2006,489,37,2
2006,418,22,2
2006,437,21,1
2006,440,3,1
2006,439,3,1
2006,466,76,1
2006,433,6,1
2006,262,35,1
2006,481,39,1
2006,496,5,1
2006,477,50,1
2006,456,77,1
2006,492,46,1
2006,447,5,1
2006,465,46,1
2006,444,46,1
2006,469,65,1
2006,450,68,1
2006,500,53,1
2006,286,36,1
2006,480,39,1
2006,381,23,1
2006,476,2,1
2006,475,59,1
2006,313,10,1
2006,419,1,1
2006,451,53,1
2006,484,10,1
2006,426,50,1
2006,463,22,1
2006,499,53,1
2006,302,39,1
2006,379,53,1
2006,471,74,1
2006,479,53,1
2006,441,81,1
2006,438,81,1
2006,491,35,1
2006,483,10,1
2006,434,10,1
2006,462,82,1
2006,473,23,1
2006,443,28,1
2006,488,6,1
2006,430,70,1
2006,449,23,1
2006,487,24,1
2006,417,1,1
2006,467,76,1
2006,436,21,1
2006,445,76,1
2006,315,59,1
2006,1,5,1
2006,457,81,1
2006,435,78,1
2006,486,6,1
2006,411,39,1
2006,432,55,1
2006,442,1,1
2006,503,68,1
2006,346,21,1
2006,428,68,1
2006,429,53,1
2006,458,35,1
2006,460,82,1
2006,495,37,1
2006,264,63,1
2006,2,68,1
2006,459,82,1
2006,424,5,1
2006,490,77,1
2006,383,68,1
2006,485,24,1
2006,482,55,1
2006,48,5,1
2006,493,53,1
2006,448,63,1
2006,263,63,1
2006,497,53,1
2006,494,10,1
2006,470,74,0
2006,427,59,1
2002,4,10,8
2002,6,1,5
2002,523,10,5
2002,401,27,4
2002,524,53,4
2002,508,1,3
2002,504,73,3
2002,539,48,3
2002,467,76,3
2002,585,80,3
2002,543,35,3
2002,428,68,3
2002,458,35,3
2002,526,12,3
2002,437,21,2
2002,547,59,2
2002,583,73,2
2002,469,65,2
2002,569,80,2
2002,370,36,2
2002,463,22,2
2002,521,35,2
2002,528,55,2
2002,536,36,2
2002,581,46,2
2002,13,10,2
2002,522,80,2
2002,564,34,1
2002,541,60,1
2002,514,76,1
2002,516,65,1
2002,15,5,1
2002,492,46,1
2002,549,80,1
2002,574,72,1
2002,537,68,1
2002,511,1,1
2002,43,59,1
2002,557,1,1
2002,552,81,1
2002,558,48,1
2002,513,46,1
2002,565,65,1
2002,520,34,1
2002,423,5,1
2002,500,53,1
2002,421,28,1
2002,540,73,1
2002,559,48,1
2002,566,10,1
2002,373,14,1
2002,554,73,1
2002,580,46,1
2002,50,83,1
2002,518,75,1
2002,582,46,1
2002,506,48,1
2002,530,21,1
2002,509,1,1
2002,567,10,1
2002,533,72,1
2002,568,80,1
2002,578,67,1
2002,587,21,1
2002,510,1,1
2002,551,36,1
2002,505,14,1
2002,561,75,1
2002,570,28,1
2002,562,35,1
2002,517,75,1
2002,555,83,1
2002,571,55,1
2002,572,55,1
2002,442,1,1
2002,544,75,1
2002,534,36,1
2002,291,24,1
2002,577,67,1
2002,346,21,1
2002,550,22,1
2002,563,75,1
2002,545,24,1
2002,556,83,1
2002,546,10,1
2002,507,83,1
2002,375,27,1
2002,553,68,1
2002,515,65,1
2002,512,1,1
2002,584,21,1
2002,575,12,1
2002,588,21,1
2002,586,80,1
2002,527,55,1
2002,560,76,1
2002,576,72,1
2002,532,72,1
2002,548,59,1
2002,519,35,1
2002,529,12,1
2002,573,12,1
2002,418,22,1
2002,525,22,1
2002,531,21,1
2002,579,67,1
1998,612,24,6
1998,15,5,5
1998,524,53,5
1998,605,59,4
1998,4,10,4
1998,598,17,4
1998,621,10,3
1998,630,63,3
1998,511,1,3
1998,589,10,3
1998,454,37,3
1998,615,1,3
1998,523,10,3
1998,599,53,2
1998,659,75,2
1998,644,58,2
1998,628,63,2
1998,632,63,2
1998,594,58,2
1998,521,35,2
1998,679,63,2
1998,662,74,0
1998,669,27,2
1998,641,71,2
1998,543,35,2
1998,634,5,2
1998,581,46,2
1998,604,59,2
1998,654,37,2
1998,611,24,2
1998,617,46,2
1998,681,37,2
1998,665,54,2
1998,526,12,2
1998,33,37,2
1998,606,60,1
1998,440,3,1
1998,660,3,1
1998,664,46,1
1998,655,65,1
1998,672,60,1
1998,492,46,1
1998,657,65,1
1998,673,37,1
1998,43,59,1
1998,620,32,1
1998,658,65,1
1998,590,32,1
1998,674,63,1
1998,623,53,1
1998,652,37,1
1998,601,37,1
1998,610,54,1
1998,595,61,1
1998,592,58,1
1998,638,50,1
1998,619,61,1
1998,645,61,1
1998,633,59,1
1998,603,21,1
1998,671,27,1
1998,643,7,1
1998,627,60,1
1998,616,71,1
1998,677,24,1
1998,676,27,1
1998,651,35,1
1998,649,11,1
1998,653,27,1
1998,625,37,1
1998,680,5,1
1998,648,35,1
1998,639,50,1
1998,505,14,1
1998,536,36,1
1998,561,75,1
1998,613,74,0
1998,635,74,0
1998,614,1,1
1998,668,27,1
1998,666,55,1
1998,626,27,1
1998,661,12,1
1998,596,14,1
1998,608,60,1
1998,656,60,1
1998,629,63,1
1998,642,71,1
1998,667,5,1
1998,597,7,1
1998,640,19,1
1998,458,35,1
1998,646,61,1
1998,600,27,1
1998,670,27,1
1998,618,46,1
1998,647,17,1
1998,663,81,1
1998,609,24,1
1998,636,74,0
1998,624,37,1
1998,631,63,1
1998,622,7,1
1998,678,24,1
1998,531,21,1
1998,675,5,1
1998,682,63,1
1994,715,72,6
1994,721,11,6
1994,734,76,5
1994,599,53,5
1994,615,1,5
1994,698,10,5
1994,15,5,4
1994,697,76,4
1994,690,71,4
1994,621,10,3
1994,630,63,3
1994,716,76,3
1994,727,35,3
1994,691,71,3
1994,717,12,2
1994,700,3,2
1994,704,60,2
1994,705,60,2
1994,711,53,2
1994,720,5,2
1994,744,71,2
1994,712,59,2
1994,684,35,2
1994,685,21,2
1994,701,63,2
1994,708,77,2
1994,722,11,2
1994,692,19,2
1994,740,1,2
1994,743,3,1
1994,440,3,1
1994,737,3,1
1994,713,48,1
1994,745,5,1
1994,742,35,1
1994,731,59,1
1994,723,11,1
1994,747,10,1
1994,687,77,1
1994,718,58,1
1994,707,77,1
1994,693,12,1
1994,695,14,1
1994,633,59,1
1994,724,19,1
1994,738,60,1
1994,741,12,1
1994,726,35,1
1994,521,35,1
1994,689,48,1
1994,530,21,1
1994,683,35,1
1994,467,76,1
1994,694,76,1
1994,725,19,1
1994,648,35,1
1994,9,5,1
1994,714,10,1
1994,730,53,1
1994,23,1,1
1994,748,76,1
1994,732,14,1
1994,735,58,1
1994,696,14,1
1994,642,71,1
1994,733,72,1
1994,699,10,1
1994,646,61,1
1994,729,1,1
1994,736,63,1
1994,728,8,1
1994,686,21,1
1994,719,60,1
1994,739,11,1
1994,710,36,1
1994,706,77,1
1994,702,63,1
1994,746,63,1
1994,688,36,1
1994,703,60,1
1990,750,53,6
1990,753,70,1
1990,761,46,4
1990,23,1,0
1990,780,35,4
1990,732,14,4
1990,806,1,0
1990,615,1,0
1990,809,46,3
1990,740,1,0
1990,599,53,2
1990,769,71,2
1990,754,70,0
1990,720,5,2
1990,758,10,2
1990,759,85,2
1990,749,71,2
1990,772,10,2
1990,790,85,2
1990,751,19,2
1990,636,85,2
1990,765,29,1
1990,771,1,0
1990,779,83,1
1990,716,76,1
1990,767,5,1
1990,756,36,1
1990,760,22,1
1990,778,12,1
1990,776,12,1
1990,693,12,1
1990,763,12,1
1990,786,72,0
1990,811,14,1
1990,795,76,1
1990,796,22,1
1990,800,83,1
1990,768,53,1
1990,804,22,1
1990,799,35,1
1990,802,63,1
1990,755,70,0
1990,781,21,1
1990,774,32,1
1990,683,35,1
1990,791,31,1
1990,770,31,1
1990,764,63,1
1990,807,63,1
1990,805,70,0
1990,810,14,1
1990,787,1,0
1990,757,70,1
1990,773,32,1
1990,797,22,1
1990,782,5,1
1990,794,36,1
1990,792,7,1
1990,696,14,1
1990,611,85,1
1990,783,72,0
1990,803,48,1
1990,788,19,1
1990,793,7,1
1990,777,12,1
1990,808,53,1
1990,762,48,1
1990,775,76,1
1990,789,85,1
1990,766,5,1
1990,752,19,1
1990,798,12,1
1990,801,46,1
1990,785,72,0
1990,784,72,0
1986,761,46,6
1986,841,35,5
1986,758,10,5
1986,9,5,5
1986,812,53,4
1986,820,72,1
1986,829,27,4
1986,815,5,4
1986,778,12,3
1986,843,12,3
1986,848,27,3
1986,740,1,0
1986,831,1,0
1986,767,5,2
1986,857,65,2
1986,863,35,2
1986,862,10,2
1986,859,58,2
1986,814,37,2
1986,871,37,2
1986,824,59,2
1986,832,65,2
1986,777,12,2
1986,813,10,2
1986,850,37,2
1986,819,72,0
1986,830,83,1
1986,876,37,1
1986,872,46,1
1986,849,72,0
1986,806,1,0
1986,877,5,1
1986,826,68,1
1986,853,21,1
1986,842,49,1
1986,866,12,1
1986,838,43,1
1986,861,68,1
1986,869,10,1
1986,864,35,1
1986,865,27,1
1986,837,43,1
1986,834,37,1
1986,874,37,1
1986,839,59,1
1986,847,83,1
1986,875,37,1
1986,835,11,1
1986,684,35,1
1986,855,21,1
1986,683,35,1
1986,836,21,1
1986,860,58,1
1986,653,27,1
1986,846,27,1
1986,23,1,0
1986,867,59,1
1986,817,21,1
1986,870,5,1
1986,844,47,1
1986,833,72,0
1986,852,37,1
1986,823,72,0
1986,816,5,1
1986,878,1,0
1986,35,59,1
1986,873,35,1
1986,868,59,1
1986,739,11,1
1986,840,67,1
1986,845,32,1
1986,851,37,1
1986,825,12,1
1986,856,12,1
1986,858,12,1
1986,827,49,1
1986,818,72,0
1986,821,72,0
1986,785,72,0
1986,828,4,1
1982,957,53,6
1982,878,1,0
1982,933,67,4
1982,909,10,4
1982,920,49,3
1982,910,10,3
1982,956,37,3
1982,892,43,3
1982,942,4,2
1982,904,5,2
1982,880,10,2
1982,889,43,2
1982,954,1,0
1982,916,46,2
1982,875,37,2
1982,950,49,2
1982,787,1,0
1982,9,5,2
1982,887,43,2
1982,901,70,1
1982,939,5,2
1982,871,37,2
1982,888,43,2
1982,898,46,2
1982,852,37,2
1982,903,7,2
1982,940,10,2
1982,922,37,2
1982,813,10,2
1982,947,53,2
1982,882,32,2
1982,923,57,1
1982,902,57,1
1982,812,53,1
1982,886,32,1
1982,905,5,1
1982,879,72,0
1982,913,72,0
1982,895,4,1
1982,943,4,1
1982,849,72,0
1982,924,37,1
1982,964,1,0
1982,934,67,1
1982,948,53,1
1982,927,72,0
1982,935,67,1
1982,911,12,1
1982,906,53,1
1982,963,37,1
1982,931,12,1
1982,881,32,1
1982,953,5,1
1982,907,66,1
1982,912,72,0
1982,959,37,1
1982,937,53,1
1982,914,85,1
1982,952,7,1
1982,946,1,0
1982,926,32,1
1982,491,35,1
1982,567,10,1
1982,925,7,1
1982,962,67,1
1982,936,66,1
1982,921,42,1
1982,932,67,1
1982,945,17,1
1982,897,35,1
1982,894,4,1
1982,961,67,1
1982,900,46,1
1982,938,14,1
1982,919,17,1
1982,908,32,1
1982,944,17,1
1982,949,72,0
1982,260,10,1
1982,941,85,1
1982,951,7,1
1982,891,30,1
1982,918,1,0
1982,885,32,1
1982,915,35,1
1982,928,72,0
1982,840,67,1
1982,899,37,1
1982,929,32,1
1982,883,62,1
1982,960,67,1
1982,893,43,1
1982,890,43,1
1982,958,37,1
1982,825,12,1
1982,930,43,1
1982,884,62,1
1982,955,35,1
1982,896,42,1
1978,32,5,6
1978,976,66,5
1978,973,63,5
1978,925,7,4
1978,972,5,4
1978,1001,10,3
1978,996,63,3
1978,997,10,3
1978,957,53,3
1978,878,1,0
1978,904,5,2
1978,982,53,2
1978,933,67,2
1978,998,63,2
1978,981,1,0
1978,995,32,2
1978,1003,63,2
1978,932,67,2
1978,979,1,0
1978,1008,10,2
1978,1002,1,0
1978,994,35,1
1978,983,53,1
1978,988,37,1
1978,1011,53,1
1978,971,43,1
1978,975,66,1
1978,881,32,1
1978,986,50,1
1978,974,35,1
1978,991,67,1
1978,968,81,1
1978,967,81,1
1978,1010,1,0
1978,1006,5,1
1978,926,32,1
1978,966,81,1
1978,969,37,1
1978,987,37,1
1978,980,1,0
1978,1012,63,1
1978,999,7,1
1978,939,5,1
1978,871,37,1
1978,990,59,1
1978,978,10,1
1978,852,37,1
1978,993,50,1
1978,903,7,1
1978,977,76,1
1978,960,67,1
1978,1005,5,1
1978,984,43,1
1978,1004,63,1
1978,1000,63,1
1978,965,59,1
1978,992,66,1
1978,970,53,1
1978,909,10,1
1978,989,43,1
1974,932,67,7
1974,1044,63,5
1974,960,67,5
1974,1047,76,4
1974,38,1,0
1974,996,63,4
1974,1023,85,3
1974,964,1,0
1974,1049,63,3
1974,991,67,3
1974,1006,5,3
1974,1037,10,3
1974,1036,10,2
1974,926,32,2
1974,1040,85,2
1974,1021,1,0
1974,1048,76,2
1974,1018,41,2
1974,1014,1,0
1974,1025,85,2
1974,1042,5,2
1974,1031,17,1
1974,1020,53,1
1974,1043,5,1
1974,1017,5,1
1974,983,53,1
1974,1027,85,1
1974,1034,11,1
1974,1052,1,0
1974,1051,5,1
1974,1041,53,1
1974,1022,1,0
1974,1046,63,1
1974,1024,85,1
1974,1033,67,1
1974,1053,1,0
1974,1016,5,1
1974,1054,1,0
1974,1030,1,0
1974,1026,85,1
1974,1050,63,1
1974,1015,32,1
1974,1028,85,1
1974,1035,83,1
1974,1029,85,1
1974,973,63,1
1974,1019,53,1
1974,1039,1,0
1974,1055,76,1
1974,1038,10,1
1970,38,1,1
1970,1036,10,1
1970,976,66,1
1970,1071,72,1
1970,8,10,0
1970,1093,53,0
1970,1037,10,0
1970,1064,1,0
1970,1098,53,0
1970,1070,71,0
1970,1060,66,0
1970,1066,12,1
1970,1067,70,0
1970,1019,53,0
1970,1095,10,0
1970,1076,59,0
1970,1065,12,0
1970,1072,72,0
1970,1078,59,0
1970,1090,1,0
1970,1034,11,0
1970,1100,53,0
1970,1102,10,0
1970,1068,66,0
1970,1061,66,0
1970,1086,46,1
1970,1097,10,0
1970,1096,83,0
1970,1083,71,0
1970,1059,11,0
1970,1062,53,0
1970,1094,83,0
1970,1077,59,0
1970,1101,10,0
1970,1085,58,0
1970,1091,59,0
1970,1082,76,0
1970,1056,46,0
1970,1063,58,0
1970,1073,72,0
1970,1081,11,0
1970,1080,1,0
1970,1057,83,0
1970,1058,83,0
1970,1088,46,0
1970,1069,71,0
1970,1079,11,0
1970,1021,1,0
1970,1087,59,0
1970,1089,46,0
1970,1099,1,0
1970,1075,52,0
1970,1074,76,0
1970,1084,11,0
1966,21,68,9
1966,1104,1,1
1966,1090,1,0
1966,1113,43,4
1966,1056,46,4
1966,1137,72,1
1966,1115,5,3
1966,1129,46,3
1966,1130,46,3
1966,1112,68,3
1966,1105,72,0
1966,1114,68,3
1966,1128,72,0
1966,1125,17,2
1966,1121,43,2
1966,1126,20,2
1966,1064,1,0
1966,1124,35,1
1966,1138,11,1
1966,1106,72,0
1966,1111,53,1
1966,1108,59,1
1966,1119,83,1
1966,1117,37,1
1966,1136,1,0
1966,1120,43,1
1966,1135,35,1
1966,1107,10,1
1966,1109,37,1
1966,1103,1,0
1966,1140,20,1
1966,1110,53,1
1966,1133,5,1
1966,1134,20,1
1966,8,10,1
1966,1089,46,1
1966,1116,35,1
1966,1122,77,1
1966,1132,10,1
1966,1118,83,1
1966,1123,35,1
1966,1131,68,1
1966,1095,10,1
1966,1142,1,0
1966,1141,20,1
1962,1155,43,4
1962,1107,10,4
1962,1151,72,1
1962,1160,85,4
1962,1147,17,4
1962,1184,10,4
1962,1175,10,3
1962,1159,85,3
1962,1185,70,0
1962,1153,43,3
1962,1182,53,2
1962,1128,72,0
1962,1154,46,2
1962,1152,72,0
1962,1148,17,2
1962,1187,17,2
1962,1144,83,2
1962,1064,1,0
1962,1156,17,2
1962,1165,19,1
1962,1174,35,1
1962,1170,1,0
1962,1157,83,1
1962,1129,46,1
1962,1166,19,1
1962,1096,83,1
1962,1179,59,1
1962,1178,59,1
1962,1149,5,1
1962,1161,46,1
1962,1180,59,1
1962,1183,46,1
1962,1188,70,0
1962,1168,19,1
1962,1173,72,0
1962,1177,70,1
1962,1189,70,0
1962,1176,85,1
1962,1181,53,1
1962,1169,35,1
1962,8,10,1
1962,1167,19,1
1962,1186,85,1
1962,1162,5,1
1962,1171,77,1
1962,1158,85,1
1962,1164,11,1
1962,1163,43,1
1962,1150,70,0
1962,1172,1,0
1962,1146,77,1
1962,1145,10,1
1962,1190,10,1
1962,1143,19,1
1958,25,37,13
1958,8,10,6
1958,1203,1,1
1958,1224,49,5
1958,1184,10,5
1958,1227,76,4
1958,1210,76,4
1958,1153,43,4
1958,1221,70,1
1958,1202,5,3
1958,1200,37,3
1958,1198,37,3
1958,1222,1,0
1958,1212,85,3
1958,1213,65,2
1958,1218,38,2
1958,1194,10,2
1958,1196,65,2
1958,1220,70,0
1958,1236,70,0
1958,1223,72,0
1958,1206,46,2
1958,1211,76,2
1958,1216,65,2
1958,1208,85,2
1958,1197,65,2
1958,1064,1,0
1958,1199,37,2
1958,1226,5,1
1958,1228,32,1
1958,1219,59,1
1958,1235,43,1
1958,1191,43,1
1958,1192,38,1
1958,1242,1,0
1958,1217,32,1
1958,1193,49,1
1958,1241,10,1
1958,1243,37,1
1958,1237,70,0
1958,1207,46,1
1958,1240,76,1
1958,1232,46,1
1958,1205,72,0
1958,1151,72,0
1958,1233,7,1
1958,1231,7,1
1958,1238,38,1
1958,1225,5,1
1958,1214,32,1
1958,1209,32,1
1958,1195,10,1
1958,1229,85,1
1958,1230,85,1
1958,1215,65,1
1958,1234,43,1
1958,1204,72,0
1958,1239,76,1
1958,1201,37,1
1958,1145,10,1
1954,1253,43,11
1954,1267,77,6
1954,1264,1,1
1954,1245,7,6
1954,1265,77,4
1954,1273,83,4
1954,1276,43,4
1954,1251,43,4
1954,1203,1,1
1954,1222,1,0
1954,1263,1,0
1954,1256,12,3
1954,1279,80,3
1954,1254,43,3
1954,1298,83,3
1954,1258,46,3
1954,1246,83,3
1954,1272,7,3
1954,1261,80,3
1954,1293,7,3
1954,1290,1,0
1954,1274,83,2
1954,1257,46,2
1954,1241,10,2
1954,1250,10,2
1954,1294,7,2
1954,1278,80,2
1954,1252,43,2
1954,1295,7,2
1954,1255,43,2
1954,1249,10,2
1954,1247,83,2
1954,1292,83,1
1954,1270,59,1
1954,1248,10,1
1954,1266,53,1
1954,1259,12,1
1954,1296,10,1
1954,1289,80,1
1954,1288,77,1
1954,1207,46,1
1954,1285,53,1
1954,1284,53,1
1954,1277,1,1
1954,1280,80,1
1954,1262,1,0
1954,1200,37,1
1954,1269,59,1
1954,1286,53,1
1954,1244,85,1
1954,1281,46,1
1954,1287,53,1
1954,1283,53,1
1954,1275,1,1
1954,890,43,1
1954,1291,83,1
1954,1201,37,1
1954,1282,46,1
1954,1271,85,1
1950,1300,10,9
1950,1246,83,5
1950,1313,35,4
1950,1337,10,4
1950,1327,83,4
1950,1314,35,4
1950,1320,76,3
1950,1247,83,3
1950,1319,76,3
1950,1304,76,2
1950,1248,10,2
1950,1316,85,2
1950,1302,53,2
1950,1332,17,2
1950,1288,77,2
1950,1312,35,2
1950,1301,10,2
1950,1303,76,2
1950,1307,85,2
1950,1324,10,2
1950,1318,10,1
1950,1329,77,1
1950,1328,77,1
1950,1315,85,1
1950,1330,59,1
1950,1340,10,1
1950,1323,36,1
1950,1322,65,1
1950,1321,65,1
1950,1334,36,1
1950,1338,10,1
1950,1310,46,1
1950,1339,76,1
1950,1306,85,1
1950,1309,46,1
1950,1305,53,1
1950,1308,85,1
1950,1317,59,1
1950,1283,53,1
1950,1311,36,1
1950,1326,83,1
1950,1335,17,1
1950,1336,17,1
1950,1331,17,1
1950,1291,83,1
1950,1325,83,1
1950,1333,36,1
1938,1349,10,7
1938,1348,53,5
1938,1356,43,5
1938,1357,43,5
1938,1375,53,4
1938,1353,67,4
1938,1342,77,3
1938,1371,76,3
1938,1373,76,3
1938,1352,10,3
1938,1351,10,3
1938,1362,25,3
1938,1372,76,3
1938,1365,71,2
1938,1359,70,1
1938,1344,37,2
1938,1374,76,1
1938,1364,71,1
1938,1369,77,1
1938,1361,71,1
1938,1347,61,1
1938,1370,25,1
1938,1346,53,1
1938,1341,1,1
1938,1366,1,1
1938,1376,37,1
1938,1345,12,1
1938,1382,76,1
1938,1354,43,1
1938,1377,70,0
1938,1358,70,0
1938,1363,25,1
1938,1381,53,1
1938,1378,10,1
1938,1380,43,1
1938,1350,67,1
1938,1383,43,1
1938,1355,43,1
1938,1343,37,1
1938,1368,77,1
1938,1360,70,1
1934,1359,70,1
1934,1387,1,4
1934,1391,53,4
1934,1401,77,3
1934,1392,53,3
1934,1396,29,2
1934,1394,53,2
1934,1412,1,2
1934,1410,7,2
1934,1398,35,2
1934,1382,76,2
1934,1417,1,2
1934,1381,53,2
1934,1400,70,0
1934,1408,70,0
1934,1355,43,2
1934,1385,12,2
1934,1342,77,1
1934,1388,5,1
1934,1406,7,1
1934,1365,71,1
1934,1393,36,1
1934,1413,76,1
1934,1389,5,1
1934,1416,53,1
1934,1409,77,1
1934,1384,1,1
1934,1390,76,1
1934,1399,35,1
1934,1349,10,1
1934,1344,37,1
1934,1415,1,1
1934,1414,35,1
1934,1356,43,1
1934,1405,7,1
1934,1418,7,1
1934,1386,1,1
1934,1404,7,1
1934,1402,63,1
1934,1395,43,1
1934,1403,63,1
1934,1407,37,1
1934,1397,43,1
1934,1411,7,1
1930,1439,5,8
1930,1450,83,5
1930,1425,36,4
1930,1449,83,3
1930,1431,85,3
1930,1453,5,3
1930,1432,10,3
1930,1438,83,2
1930,1447,83,2
1930,1456,83,2
1930,1421,37,2
1930,1446,10,2
1930,1433,5,2
1930,1441,59,2
1930,1444,17,2
1930,1434,17,2
1930,1440,5,2
1930,1454,36,1
1930,1422,59,1
1930,1426,71,1
1930,1451,5,1
1930,1424,36,1
1930,1443,59,1
1930,1429,71,1
1930,1420,37,1
1930,1419,37,1
1930,1436,85,1
1930,1423,36,1
1930,1448,83,1
1930,1452,5,1
1930,1455,85,1
1930,1427,66,1
1930,1428,71,1
1930,1430,85,1
1930,1442,5,1
1930,1445,65,1
1930,1437,85,1
