tarjeta_id,partido_id,seleccion_id,jugador_id,tipo,minuto
1,1,16,1454.0,amarilla,15
2,1,16,1455.0,amarilla,22
3,1,28,114.0,amarilla,29
4,1,16,1456.0,amarilla,36
5,1,28,1457.0,amarilla,56
6,1,16,1458.0,amarilla,78
7,2,50,1459.0,amarilla,25
8,2,50,1460.0,amarilla,48
9,3,121,1461.0,amarilla,56
10,3,131,1462.0,amarilla,90+4
11,3,131,1463.0,amarilla,90+6
12,4,36,1464.0,amarilla,11
13,4,36,1465.0,amarilla,13
14,4,38,62.0,amarilla,40
15,4,38,1466.0,amarilla,45+2
16,4,36,1467.0,amarilla,51
17,4,36,1468.0,amarilla,90+10
18,5,3,1469.0,amarilla,67
19,5,3,1470.0,amarilla,75
20,5,3,64.0,amarilla,79
21,5,3,1471.0,amarilla,82
22,5,3,1472.0,amarilla,88
23,5,3,1473.0,amarilla,90+2
24,6,27,1474.0,amarilla,24
25,6,27,1475.0,amarilla,78
26,6,139,1476.0,amarilla,86
27,7,117,1477.0,amarilla,29
28,7,117,1478.0,amarilla,56
29,7,125,1479.0,amarilla,76
30,8,6,89.0,amarilla,55
31,8,6,1480.0,amarilla,80
32,8,6,1481.0,amarilla,90+5
33,9,58,1482.0,amarilla,78
34,10,90,,roja,
35,10,102,,roja,
36,10,113,,roja,
37,10,72,,roja,
38,10,80,,roja,
39,10,94,,roja,
40,10,98,,roja,
41,11,22,1483.0,amarilla,68
42,11,22,275.0,amarilla,90+7
43,12,12,1484.0,amarilla,9
44,12,12,257.0,amarilla,54
45,12,12,1485.0,amarilla,56
46,12,15,96.0,amarilla,81
47,12,15,1486.0,amarilla,83
48,13,14,1487.0,amarilla,36
49,13,135,1488.0,amarilla,64
50,13,135,152.0,amarilla,83
51,14,141,1489.0,amarilla,57
52,14,21,109.0,amarilla,88
53,15,39,108.0,amarilla,45+1
54,15,39,78.0,amarilla,49
55,15,39,1490.0,amarilla,57
56,15,39,1491.0,amarilla,90+1
57,15,126,1492.0,amarilla,90+1
58,15,126,111.0,amarilla,90+5
59,16,132,102.0,amarilla,7
60,16,132,1493.0,amarilla,49
61,16,132,1494.0,amarilla,64
62,17,38,1495.0,amarilla,45+3
63,17,38,1496.0,roja,86
64,17,50,84.0,amarilla,90+5
65,17,50,1459.0,amarilla,90+5
66,18,16,1497.0,amarilla,20
67,18,131,85.0,amarilla,30
68,18,16,1498.0,amarilla,45+2
69,18,131,1499.0,amarilla,52
70,18,131,1500.0,amarilla,87
71,18,16,1501.0,amarilla,90+1
72,19,28,1457.0,amarilla,57
73,20,91,,roja,
74,20,100,,roja,
75,20,106,,roja,
76,21,139,1502.0,amarilla,26
77,21,139,1503.0,amarilla,64
78,21,139,182.0,amarilla,90+3
79,22,125,1504.0,amarilla,15
80,22,125,1505.0,amarilla,16
81,22,125,1506.0,amarilla,19
82,22,3,1469.0,amarilla,20
83,22,3,1507.0,amarilla,45+4
84,23,27,91.0,amarilla,20
85,23,27,1508.0,amarilla,23
86,23,37,1509.0,amarilla,43
87,24,117,1510.0,amarilla,22
88,24,5,1511.0,amarilla,43
89,24,117,1512.0,amarilla,50
90,24,117,1513.0,amarilla,66
91,24,117,1514.0,amarilla,89
92,25,22,1515.0,amarilla,41
93,25,55,1516.0,amarilla,44
94,25,22,1517.0,amarilla,61
95,25,22,1483.0,amarilla,70
96,25,55,1518.0,amarilla,84
97,25,55,1519.0,amarilla,90+3
98,26,12,1485.0,amarilla,29
99,26,58,1520.0,amarilla,90+5
100,27,15,1521.0,amarilla,52
101,27,24,1522.0,amarilla,56
102,27,15,1523.0,amarilla,85
103,27,24,7.0,amarilla,85
104,28,1,1524.0,amarilla,37
105,28,35,37.0,amarilla,44
106,28,1,1525.0,amarilla,58
107,28,1,1526.0,amarilla,60
108,29,14,1527.0,amarilla,24
109,29,14,1528.0,amarilla,30
110,29,132,1529.0,amarilla,45+4
111,29,132,1530.0,amarilla,90+3
112,30,39,1531.0,amarilla,21
113,30,21,1532.0,amarilla,27
114,30,39,1533.0,amarilla,73
115,30,21,134.0,amarilla,77
116,31,135,1534.0,amarilla,50
117,31,10,314.0,amarilla,52
118,32,141,1535.0,amarilla,6
119,32,126,1536.0,amarilla,38
120,32,141,1537.0,amarilla,44
121,32,126,79.0,amarilla,77
122,32,126,1538.0,amarilla,89
123,33,121,1539.0,amarilla,52
124,34,131,1463.0,amarilla,66
125,35,38,1540.0,amarilla,29
126,35,38,1541.0,amarilla,61
127,36,36,1542.0,amarilla,43
128,36,50,1543.0,amarilla,77
129,36,50,1544.0,amarilla,83
130,36,50,1545.0,amarilla,90+6
131,37,6,1546.0,amarilla,4
132,37,6,1547.0,amarilla,57
133,37,27,1548.0,amarilla,75
134,38,139,1549.0,amarilla,28
135,39,117,1550.0,amarilla,16
136,39,3,63.0,amarilla,28
137,39,3,1551.0,amarilla,34
138,39,3,1552.0,amarilla,52
139,39,3,1553.0,amarilla,81
140,39,3,1507.0,amarilla,90+1
141,39,3,1554.0,amarilla,90+7
142,40,5,1555.0,amarilla,49
143,40,125,185.0,amarilla,78
144,41,12,1556.0,amarilla,67
145,42,15,1557.0,amarilla,7
146,42,15,1558.0,amarilla,26
147,42,15,1559.0,amarilla,45+2
148,42,15,1560.0,amarilla,84
149,43,55,1518.0,amarilla,39
150,43,55,1561.0,amarilla,44
151,43,55,1562.0,amarilla,45
152,44,22,276.0,amarilla,77
153,45,141,1563.0,amarilla,20
154,45,141,24.0,amarilla,60
155,45,39,1564.0,amarilla,86
156,45,141,1565.0,amarilla,87
157,45,39,1490.0,amarilla,90+9
158,45,141,166.0,amarilla,90+10
159,45,141,45.0,amarilla,90+10
160,46,21,1566.0,amarilla,36
161,46,21,135.0,amarilla,90+2
162,47,135,1567.0,amarilla,15
163,47,135,1568.0,amarilla,34
164,47,132,103.0,amarilla,47
165,47,132,102.0,amarilla,56
166,47,132,1569.0,amarilla,66
167,47,132,1493.0,amarilla,81
168,47,132,104.0,amarilla,82
169,47,132,1530.0,amarilla,90+5
170,47,135,195.0,amarilla,90+5
171,47,135,1570.0,amarilla,90+9
172,47,132,1494.0,amarilla,90+10
173,48,14,1571.0,amarilla,6
174,48,10,1572.0,amarilla,7
175,48,14,1573.0,amarilla,28
176,48,14,1487.0,amarilla,32
177,48,14,105.0,amarilla,81
178,48,10,1574.0,amarilla,85
179,48,14,105.0,amarilla,90+3
180,49,121,1575.0,amarilla,60
181,49,121,112.0,amarilla,87
182,50,6,1480.0,amarilla,15
183,50,6,1547.0,amarilla,38
184,51,131,115.0,amarilla,76
185,52,37,156.0,amarilla,32
186,52,125,1576.0,amarilla,47
187,52,125,1505.0,amarilla,88
188,53,24,1577.0,amarilla,90
189,53,24,1578.0,amarilla,116
190,54,21,1532.0,amarilla,44
191,55,35,1579.0,amarilla,77
192,55,58,94.0,amarilla,90
193,56,135,1570.0,amarilla,43
194,56,135,1580.0,amarilla,59
195,57,121,1581.0,amarilla,43
196,57,5,1555.0,amarilla,43
197,57,5,1582.0,amarilla,45
198,57,121,154.0,amarilla,45+2
199,57,121,139.0,amarilla,76
200,57,5,1583.0,amarilla,76
201,57,121,1584.0,amarilla,88
202,57,5,1585.0,amarilla,89
203,57,5,1.0,amarilla,90+10
204,57,5,20.0,amarilla,90+12
205,57,121,1586.0,amarilla,91
206,57,5,1511.0,amarilla,109
207,57,5,1587.0,amarilla,112
208,57,121,142.0,amarilla,128
209,57,121,1588.0,amarilla,129
210,57,121,142.0,amarilla,129
211,58,10,1589.0,amarilla,25
212,58,24,1590.0,amarilla,31
213,58,10,110.0,amarilla,68
214,58,10,1591.0,amarilla,77
215,58,24,155.0,amarilla,117
216,59,37,40.0,amarilla,43
217,59,37,1592.0,amarilla,46
218,59,37,157.0,amarilla,82
219,59,46,253.0,amarilla,90
220,60,58,160.0,amarilla,70
221,60,126,1593.0,amarilla,87
222,60,58,1594.0,amarilla,90+1
223,60,58,1594.0,amarilla,90+3
224,61,24,1577.0,amarilla,32
225,61,24,1595.0,amarilla,32
226,61,5,1582.0,amarilla,68
227,61,5,20.0,amarilla,71
228,62,58,1596.0,amarilla,27
229,63,58,1597.0,amarilla,69
230,63,58,1598.0,amarilla,84
231,64,5,92.0,amarilla,45+7
232,64,37,66.0,amarilla,55
233,64,37,1599.0,amarilla,87
234,64,37,11.0,amarilla,90+5
235,64,5,1555.0,amarilla,90+8
236,64,5,1585.0,amarilla,114
237,64,5,1511.0,amarilla,116
238,64,5,1600.0,amarilla,125
239,65,130,165.0,amarilla,88
240,65,3,1601.0,amarilla,90+3
241,66,29,1602.0,amarilla,90+4
242,66,29,1603.0,amarilla,90+6
243,67,35,37.0,amarilla,17
244,67,126,111.0,amarilla,28
245,68,50,1604.0,amarilla,10
246,68,58,1605.0,amarilla,34
247,68,50,1459.0,amarilla,47
248,68,50,215.0,amarilla,90+2
249,69,6,118.0,amarilla,13
250,69,6,1606.0,amarilla,57
251,69,37,1607.0,amarilla,76
252,69,6,1546.0,amarilla,87
253,70,124,1608.0,amarilla,38
254,70,27,1609.0,amarilla,86
255,70,27,172.0,amarilla,90+3
256,71,78,,roja,
257,71,98,,roja,
258,71,107,,roja,
259,71,86,,roja,
260,71,99,,roja,
261,71,112,,roja,
262,72,24,193.0,amarilla,30
263,72,118,1610.0,amarilla,70
264,72,24,1590.0,amarilla,89
265,73,135,1611.0,amarilla,31
266,73,10,110.0,amarilla,47
267,73,135,1570.0,amarilla,65
268,73,135,1612.0,amarilla,68
269,74,22,1483.0,amarilla,22
270,74,22,1613.0,amarilla,56
271,74,132,1614.0,amarilla,59
272,74,132,1615.0,amarilla,90+8
273,75,117,1478.0,amarilla,40
274,75,1,16.0,amarilla,83
275,75,1,286.0,amarilla,84
276,75,117,1513.0,amarilla,90
277,76,21,1616.0,amarilla,13
278,76,21,135.0,amarilla,55
279,76,134,1617.0,amarilla,61
280,77,12,257.0,amarilla,14
281,77,122,1618.0,amarilla,18
282,77,122,1619.0,amarilla,45+2
283,77,122,1620.0,amarilla,49
284,77,122,1621.0,amarilla,51
285,77,122,1622.0,amarilla,57
286,77,12,243.0,amarilla,59
287,77,12,249.0,amarilla,88
288,78,46,1623.0,amarilla,33
289,79,125,185.0,amarilla,12
290,79,131,1624.0,amarilla,49
291,79,131,1463.0,amarilla,72
292,80,19,1625.0,roja,3
293,80,19,1626.0,amarilla,64
294,80,19,19.0,amarilla,86
295,80,55,1627.0,amarilla,90+4
296,81,29,1628.0,amarilla,57
297,81,130,1629.0,amarilla,84
298,82,82,,roja,
299,82,105,,roja,
300,82,70,,roja,
301,82,98,,roja,
302,82,101,,roja,
303,83,58,1630.0,amarilla,40
304,83,126,1631.0,amarilla,90+2
305,84,50,1632.0,amarilla,79
306,84,50,1633.0,amarilla,90+2
307,85,37,297.0,amarilla,16
308,85,124,220.0,amarilla,23
309,85,124,1634.0,amarilla,81
310,85,37,259.0,amarilla,86
311,86,27,172.0,amarilla,37
312,86,27,1635.0,amarilla,84
313,87,24,192.0,amarilla,39
314,87,5,236.0,amarilla,51
315,87,24,240.0,amarilla,58
316,87,24,1636.0,amarilla,67
317,87,5,20.0,amarilla,85
318,87,5,1555.0,amarilla,87
319,87,24,1637.0,amarilla,90+4
320,88,118,1638.0,amarilla,44
321,89,10,12.0,amarilla,81
322,89,10,175.0,amarilla,81
323,89,22,1639.0,amarilla,84
324,90,132,103.0,amarilla,34
325,90,132,1640.0,amarilla,39
326,90,132,1641.0,amarilla,45+2
327,90,132,104.0,amarilla,87
328,90,135,136.0,amarilla,90+1
329,91,134,1642.0,amarilla,52
330,91,1,1643.0,amarilla,71
331,91,1,1643.0,amarilla,82
332,91,134,1644.0,amarilla,90+7
333,92,21,134.0,amarilla,58
334,92,21,1645.0,amarilla,63
335,92,21,1646.0,amarilla,72
336,92,21,1532.0,amarilla,80
337,93,139,182.0,amarilla,14
338,94,122,1620.0,amarilla,10
339,94,46,1647.0,amarilla,24
340,94,122,1648.0,amarilla,44
341,94,122,1621.0,amarilla,72
342,95,125,235.0,amarilla,61
343,95,125,1649.0,amarilla,85
344,96,131,184.0,amarilla,59
345,96,55,209.0,amarilla,68
346,96,131,1650.0,amarilla,90
347,96,131,1651.0,amarilla,90+1
348,96,55,1652.0,amarilla,90+4
349,97,130,162.0,amarilla,9
350,97,130,1653.0,amarilla,27
351,97,130,1653.0,amarilla,36
352,97,141,1535.0,amarilla,59
353,98,29,1654.0,amarilla,45+5
354,98,29,1655.0,amarilla,86
355,99,126,151.0,amarilla,33
356,99,50,1656.0,amarilla,52
357,99,50,1657.0,amarilla,54
358,99,126,214.0,amarilla,64
359,99,126,2.0,amarilla,83
360,99,126,1658.0,amarilla,90+8
361,100,58,1605.0,amarilla,21
362,100,58,1659.0,amarilla,29
363,100,58,1660.0,amarilla,31
364,100,58,1661.0,amarilla,31
365,100,58,1662.0,amarilla,88
366,100,58,1663.0,amarilla,90+3
367,101,27,239.0,amarilla,45+3
368,102,6,170.0,amarilla,10
369,102,124,1664.0,amarilla,45
370,102,6,1665.0,amarilla,60
371,102,6,1666.0,amarilla,66
372,102,124,1667.0,amarilla,79
373,102,6,1668.0,amarilla,88
374,103,118,1669.0,amarilla,32
375,103,5,1670.0,amarilla,49
376,103,5,1671.0,amarilla,64
377,103,118,1672.0,amarilla,90+1
378,103,5,1.0,amarilla,90+4
379,104,24,1673.0,amarilla,14
380,104,51,1674.0,amarilla,59
381,104,51,173.0,amarilla,64
382,104,24,1675.0,amarilla,83
383,104,51,1676.0,amarilla,84
384,105,132,1677.0,amarilla,33
385,105,132,1641.0,amarilla,48
386,105,132,104.0,amarilla,70
387,106,22,1678.0,amarilla,11
388,106,22,275.0,amarilla,29
389,106,135,1611.0,amarilla,37
390,106,135,1679.0,amarilla,75
391,106,135,1570.0,amarilla,83
392,106,22,227.0,amarilla,89
393,107,21,1532.0,amarilla,9
394,107,21,1680.0,amarilla,23
395,107,21,1681.0,amarilla,48
396,107,21,199.0,amarilla,65
397,108,117,1682.0,amarilla,1
398,108,134,1644.0,amarilla,26
399,108,117,1478.0,amarilla,61
400,108,117,1683.0,amarilla,86
401,108,134,1684.0,amarilla,88
402,109,12,1685.0,amarilla,19
403,109,12,1556.0,amarilla,33
404,110,139,182.0,amarilla,44
405,110,139,1686.0,amarilla,71
406,110,122,1687.0,amarilla,78
407,110,122,1688.0,amarilla,80
408,110,139,1689.0,amarilla,90+3
409,110,122,1690.0,amarilla,90+6
410,111,55,1691.0,amarilla,66
411,112,19,1692.0,amarilla,45
412,112,131,184.0,amarilla,51
413,113,126,2.0,amarilla,90+3
414,114,5,222.0,amarilla,11
415,114,5,1693.0,amarilla,19
416,114,5,1670.0,amarilla,43
417,114,5,1671.0,amarilla,50
418,114,37,297.0,amarilla,72
419,114,37,237.0,amarilla,73
420,114,5,20.0,amarilla,90+3
421,114,37,11.0,amarilla,90+3
422,115,35,1694.0,amarilla,40
423,115,130,1695.0,amarilla,54
424,115,130,1696.0,amarilla,71
425,116,27,239.0,amarilla,115
426,117,117,1550.0,amarilla,38
427,117,10,1697.0,amarilla,43
428,117,117,1513.0,amarilla,55
429,117,10,110.0,amarilla,59
430,117,117,1698.0,amarilla,77
431,117,117,317.0,amarilla,90+2
432,118,55,1699.0,amarilla,40
433,119,134,1684.0,amarilla,31
434,119,135,1612.0,amarilla,61
435,119,135,195.0,amarilla,68
436,119,135,1700.0,roja,90+4
437,120,19,1626.0,amarilla,41
438,120,19,1701.0,amarilla,52
439,120,19,1625.0,amarilla,54
440,120,46,144.0,amarilla,56
441,120,19,206.0,amarilla,63
442,120,19,1702.0,amarilla,64
443,120,46,203.0,amarilla,69
444,120,19,207.0,amarilla,118
445,121,37,1703.0,amarilla,33
446,121,141,1535.0,amarilla,38
447,121,141,1704.0,amarilla,69
448,121,37,3.0,amarilla,69
449,122,12,1705.0,amarilla,47
450,122,12,257.0,amarilla,71
451,122,10,315.0,amarilla,85
452,122,10,1706.0,amarilla,90
453,123,24,1522.0,amarilla,35
454,123,24,1707.0,amarilla,38
455,123,24,251.0,amarilla,101
456,123,130,162.0,amarilla,109
457,123,24,1708.0,amarilla,114
458,124,134,1709.0,amarilla,87
459,124,46,253.0,amarilla,87
460,124,134,1644.0,amarilla,90+4
461,125,12,200.0,amarilla,63
462,125,12,1705.0,amarilla,71
463,125,37,1710.0,amarilla,87
464,125,37,3.0,amarilla,90+3
465,125,12,243.0,amarilla,90+4
466,126,24,240.0,amarilla,48
467,126,46,1623.0,amarilla,54
468,126,24,192.0,amarilla,96
469,127,46,202.0,amarilla,52
470,127,46,253.0,amarilla,77
471,127,12,1711.0,amarilla,90+3
472,128,37,1710.0,amarilla,27
473,128,37,1703.0,amarilla,41
474,128,24,1636.0,amarilla,90+2
475,129,10,12.0,amarilla,27
476,129,24,1637.0,amarilla,66
477,129,24,1522.0,amarilla,69
478,129,10,1712.0,amarilla,88
479,130,117,1478.0,amarilla,57
480,130,14,1713.0,amarilla,77
481,131,121,1714.0,amarilla,25
482,131,121,266.0,amarilla,41
483,131,35,1715.0,amarilla,65
484,131,121,264.0,amarilla,66
485,132,6,269.0,amarilla,44
486,132,6,170.0,amarilla,58
487,132,6,1668.0,amarilla,67
488,132,17,294.0,amarilla,86
489,133,19,1625.0,amarilla,26
490,133,40,336.0,amarilla,52
491,133,40,364.0,amarilla,55
492,134,55,1562.0,amarilla,23
493,134,23,1716.0,amarilla,54
494,134,23,1717.0,amarilla,58
495,134,55,1718.0,amarilla,64
496,135,141,1719.0,amarilla,50
497,135,141,1720.0,amarilla,56
498,135,141,1489.0,amarilla,81
499,135,141,409.0,roja,90+4
500,136,46,55.0,amarilla,90+2
501,137,28,1721.0,amarilla,53
502,137,135,1722.0,amarilla,84
503,138,37,1723.0,amarilla,7
504,138,42,1724.0,amarilla,28
505,138,37,259.0,amarilla,28
506,138,42,1724.0,amarilla,43
507,138,37,1725.0,amarilla,45+2
508,138,42,1726.0,amarilla,53
509,138,42,1727.0,amarilla,83
510,139,5,222.0,amarilla,25
511,139,9,1728.0,amarilla,63
512,140,50,1729.0,amarilla,75
513,141,126,1730.0,amarilla,11
514,141,126,30.0,roja,37
515,142,39,1731.0,amarilla,30
516,142,39,406.0,amarilla,90+2
517,143,12,243.0,amarilla,24
518,143,4,1732.0,amarilla,34
519,144,21,199.0,amarilla,13
520,144,21,1733.0,amarilla,30
521,144,130,1734.0,amarilla,49
522,144,21,312.0,amarilla,90
523,145,10,1735.0,amarilla,45
524,145,117,1736.0,amarilla,59
525,145,117,1737.0,amarilla,62
526,145,10,39.0,amarilla,79
527,146,14,1738.0,roja,40
528,146,24,1739.0,amarilla,89
529,147,17,1740.0,amarilla,26
530,147,35,263.0,amarilla,41
531,147,17,1741.0,amarilla,61
532,148,6,269.0,amarilla,43
533,148,121,264.0,amarilla,47
534,149,23,1717.0,amarilla,55
535,149,23,1742.0,amarilla,90
536,150,55,1652.0,amarilla,12
537,150,40,1743.0,amarilla,27
538,150,40,1743.0,amarilla,38
539,150,40,325.0,amarilla,55
540,150,40,365.0,amarilla,89
541,151,141,41.0,amarilla,9
542,151,46,348.0,amarilla,68
543,152,53,280.0,amarilla,69
544,152,22,1744.0,amarilla,71
545,153,37,1725.0,amarilla,88
546,154,42,1745.0,amarilla,7
547,154,42,1746.0,amarilla,45+3
548,154,28,1747.0,amarilla,57
549,154,28,18.0,amarilla,73
550,154,28,1748.0,amarilla,80
551,155,50,1749.0,amarilla,53
552,155,50,1604.0,amarilla,73
553,156,9,1750.0,amarilla,6
554,156,118,1672.0,amarilla,81
555,157,39,406.0,amarilla,90+4
556,158,36,305.0,amarilla,75
557,159,130,1751.0,amarilla,38
558,159,12,1711.0,amarilla,54
559,159,12,1705.0,amarilla,73
560,160,21,1645.0,amarilla,54
561,160,4,1752.0,amarilla,67
562,160,21,1753.0,amarilla,69
563,161,14,1754.0,amarilla,11
564,161,14,1755.0,amarilla,75
565,161,14,1756.0,amarilla,80
566,162,24,193.0,amarilla,9
567,162,117,316.0,amarilla,39
568,162,117,1737.0,amarilla,66
569,162,24,192.0,roja,69
570,163,35,1757.0,amarilla,62
571,163,6,1758.0,amarilla,88
572,163,6,170.0,amarilla,90+2
573,164,17,1759.0,amarilla,25
574,164,121,140.0,amarilla,64
575,165,55,1760.0,amarilla,16
576,165,19,1761.0,amarilla,63
577,166,23,375.0,amarilla,37
578,166,23,399.0,amarilla,62
579,166,23,1762.0,amarilla,70
580,167,53,280.0,amarilla,22
581,167,141,1763.0,amarilla,46
582,167,53,278.0,roja,59
583,167,53,1764.0,amarilla,77
584,167,141,1765.0,amarilla,90+1
585,168,46,1766.0,amarilla,53
586,168,46,1767.0,amarilla,57
587,168,22,1768.0,amarilla,60
588,169,42,1769.0,amarilla,66
589,170,28,1747.0,roja,50
590,170,28,1770.0,amarilla,83
591,171,118,1771.0,amarilla,49
592,171,118,1772.0,amarilla,51
593,172,9,1773.0,amarilla,77
594,172,50,215.0,amarilla,88
595,173,1,1774.0,amarilla,11
596,173,36,1775.0,amarilla,37
597,173,36,1776.0,amarilla,62
598,174,39,1777.0,amarilla,39
599,174,39,1778.0,amarilla,55
600,174,39,1779.0,amarilla,78
601,174,126,1780.0,amarilla,90+4
602,175,21,1781.0,amarilla,35
603,175,12,1782.0,roja,45
604,175,12,1783.0,amarilla,50
605,176,4,1784.0,amarilla,39
606,176,130,1785.0,amarilla,57
607,176,130,1786.0,amarilla,59
608,176,4,1787.0,amarilla,87
609,176,4,1788.0,amarilla,90+2
610,177,17,1741.0,amarilla,17
611,177,17,1759.0,amarilla,40
612,177,10,1789.0,amarilla,55
613,177,10,1712.0,amarilla,60
614,177,10,1790.0,amarilla,93
615,177,17,1791.0,amarilla,102
616,177,10,10.0,amarilla,105+1
617,178,141,166.0,amarilla,55
618,178,141,1719.0,amarilla,77
619,178,19,271.0,amarilla,78
620,179,117,1736.0,amarilla,69
621,179,117,316.0,amarilla,90+2
622,179,117,317.0,amarilla,90+4
623,180,40,324.0,amarilla,36
624,180,22,276.0,amarilla,42
625,180,22,129.0,amarilla,48
626,180,22,1792.0,amarilla,57
627,180,22,276.0,amarilla,66
628,180,22,296.0,amarilla,70
629,180,40,1793.0,amarilla,72
630,180,22,1794.0,amarilla,90
631,181,37,297.0,amarilla,54
632,182,4,309.0,amarilla,42
633,182,1,412.0,amarilla,107
634,183,135,195.0,amarilla,36
635,183,135,361.0,amarilla,73
636,183,5,222.0,amarilla,90
637,183,5,31.0,amarilla,120
638,183,5,1795.0,amarilla,120+4
639,184,36,1796.0,amarilla,18
640,184,12,1797.0,amarilla,42
641,185,10,39.0,amarilla,64
642,185,19,19.0,amarilla,67
643,185,19,1798.0,amarilla,69
644,185,10,1799.0,amarilla,78
645,186,1,342.0,amarilla,54
646,186,1,497.0,amarilla,80
647,187,22,1800.0,amarilla,37
648,187,22,1801.0,amarilla,52
649,187,121,1802.0,amarilla,64
650,187,22,1768.0,amarilla,81
651,187,22,1639.0,amarilla,107
652,187,121,335.0,amarilla,111
653,188,12,200.0,amarilla,53
654,188,12,1705.0,amarilla,68
655,188,5,1803.0,amarilla,75
656,189,10,1804.0,amarilla,68
657,190,121,1802.0,amarilla,45
658,190,5,387.0,amarilla,49
659,190,121,335.0,amarilla,105
660,191,10,39.0,amarilla,2
661,191,121,265.0,amarilla,9
662,191,121,1714.0,amarilla,36
663,191,10,315.0,amarilla,54
664,191,10,261.0,amarilla,68
665,192,1,497.0,amarilla,29
666,192,1,1774.0,amarilla,34
667,192,5,1670.0,amarilla,64
668,192,5,29.0,amarilla,65
669,193,117,1805.0,amarilla,18
670,193,133,1806.0,amarilla,27
671,193,117,544.0,amarilla,57
672,193,133,1807.0,amarilla,70
673,194,37,1723.0,amarilla,12
674,194,37,491.0,amarilla,19
675,194,141,1808.0,amarilla,59
676,194,141,1809.0,amarilla,65
677,194,37,1810.0,amarilla,68
678,194,141,1809.0,amarilla,81
679,194,141,1719.0,amarilla,90+3
680,195,5,1811.0,amarilla,41
681,195,118,1812.0,amarilla,77
682,196,40,365.0,amarilla,56
683,197,46,1813.0,amarilla,26
684,197,36,1814.0,amarilla,39
685,197,36,1815.0,amarilla,47
686,197,46,1816.0,amarilla,60
687,197,46,348.0,amarilla,61
688,197,36,1817.0,amarilla,74
689,198,34,1818.0,amarilla,35
690,198,4,1819.0,amarilla,59
691,198,4,1819.0,amarilla,73
692,198,34,1820.0,amarilla,90+3
693,198,4,1821.0,amarilla,90+5
694,199,1,339.0,amarilla,12
695,199,6,482.0,amarilla,24
696,199,6,1822.0,amarilla,46
697,199,6,269.0,roja,56
698,199,6,1823.0,amarilla,58
699,199,1,351.0,amarilla,90+2
700,200,132,466.0,amarilla,19
701,200,39,1824.0,amarilla,26
702,200,132,1825.0,amarilla,54
703,200,132,1825.0,amarilla,74
704,200,132,1826.0,amarilla,83
705,200,39,1827.0,amarilla,89
706,201,121,1828.0,amarilla,44
707,201,121,264.0,amarilla,49
708,201,27,1829.0,amarilla,63
709,202,14,1527.0,amarilla,72
710,202,55,1830.0,amarilla,90+1
711,203,123,1831.0,amarilla,62
712,203,53,1832.0,amarilla,70
713,204,120,1833.0,amarilla,42
714,204,33,1834.0,amarilla,55
715,204,120,357.0,amarilla,90+3
716,205,23,1717.0,amarilla,7
717,205,23,1835.0,amarilla,21
718,205,126,2.0,amarilla,21
719,206,10,1735.0,amarilla,88
720,207,17,1836.0,amarilla,4
721,207,17,1837.0,amarilla,19
722,207,42,1724.0,amarilla,33
723,208,135,1838.0,amarilla,30
724,208,135,1839.0,amarilla,73
725,208,135,1840.0,amarilla,90+1
726,208,135,1841.0,amarilla,90+4
727,209,133,1842.0,amarilla,6
728,209,133,1806.0,amarilla,42
729,209,133,1843.0,roja,76
730,210,117,1844.0,amarilla,4
731,210,37,1810.0,amarilla,45+1
732,210,117,1805.0,amarilla,48
733,210,117,1478.0,amarilla,49
734,210,37,1845.0,amarilla,78
735,210,117,1846.0,amarilla,82
736,211,40,336.0,amarilla,15
737,211,118,1847.0,roja,33
738,211,40,1848.0,amarilla,59
739,211,40,325.0,amarilla,88
740,211,118,1849.0,amarilla,89
741,212,21,1850.0,amarilla,10
742,212,21,367.0,amarilla,34
743,212,5,1811.0,amarilla,54
744,212,5,1670.0,amarilla,55
745,212,5,345.0,amarilla,74
746,213,1,6.0,amarilla,12
747,213,132,1614.0,amarilla,18
748,213,132,177.0,amarilla,19
749,213,1,342.0,amarilla,22
750,213,1,412.0,amarilla,32
751,213,1,6.0,amarilla,37
752,213,132,1851.0,amarilla,57
753,213,132,1852.0,amarilla,59
754,213,1,497.0,amarilla,73
755,214,34,1853.0,amarilla,35
756,214,36,1817.0,amarilla,40
757,214,34,1854.0,amarilla,69
758,214,34,1855.0,amarilla,72
759,214,34,1856.0,amarilla,75
760,215,46,1816.0,amarilla,58
761,215,4,1857.0,amarilla,85
762,216,6,484.0,roja,24
763,216,39,1858.0,amarilla,40
764,216,39,1859.0,amarilla,79
765,216,39,1860.0,amarilla,84
766,216,6,482.0,amarilla,85
767,221,10,430.0,roja,88
768,222,20,1861.0,amarilla,32
769,222,126,1862.0,amarilla,38
770,222,20,1863.0,amarilla,47
771,222,126,378.0,amarilla,70
772,223,17,1864.0,amarilla,2
773,223,135,1865.0,amarilla,18
774,223,17,1836.0,amarilla,22
775,223,17,1866.0,amarilla,25
776,223,135,1612.0,roja,31
777,223,135,452.0,amarilla,48
778,223,17,1837.0,amarilla,60
779,223,135,1867.0,amarilla,60
780,223,17,1868.0,amarilla,61
781,223,17,268.0,amarilla,90+2
782,224,42,1869.0,amarilla,8
783,224,42,1870.0,amarilla,38
784,225,141,1871.0,amarilla,68
785,225,117,44.0,amarilla,77
786,225,117,1872.0,amarilla,86
787,226,37,1873.0,roja,25
788,226,37,1874.0,amarilla,71
789,227,118,1875.0,amarilla,31
790,227,118,1849.0,amarilla,37
791,227,118,1876.0,amarilla,42
792,227,21,1877.0,amarilla,68
793,228,40,1743.0,amarilla,30
794,228,5,1878.0,amarilla,76
795,229,34,1856.0,amarilla,40
796,229,46,1879.0,amarilla,48
797,229,34,369.0,amarilla,79
798,229,34,1880.0,amarilla,81
799,230,4,1821.0,amarilla,12
800,230,36,1881.0,amarilla,62
801,230,4,1882.0,amarilla,76
802,230,4,1857.0,amarilla,83
803,230,36,1883.0,amarilla,90
804,230,4,1882.0,amarilla,90+3
805,231,39,78.0,amarilla,40
806,231,1,16.0,amarilla,43
807,232,132,1825.0,amarilla,18
808,232,6,1884.0,amarilla,49
809,232,6,1885.0,amarilla,50
810,232,132,1886.0,amarilla,59
811,232,6,1887.0,amarilla,67
812,233,33,1834.0,amarilla,16
813,233,53,1888.0,amarilla,31
814,233,33,356.0,amarilla,40
815,233,33,1889.0,amarilla,50
816,233,53,1890.0,amarilla,67
817,233,53,1891.0,amarilla,76
818,233,33,1892.0,amarilla,82
819,233,53,393.0,amarilla,83
820,234,123,1831.0,amarilla,10
821,234,123,511.0,amarilla,41
822,234,120,1893.0,amarilla,56
823,235,55,394.0,amarilla,12
824,235,55,1894.0,amarilla,26
825,235,27,1895.0,amarilla,29
826,235,27,1896.0,amarilla,48
827,235,27,1897.0,amarilla,66
828,236,121,353.0,amarilla,17
829,236,14,1527.0,amarilla,25
830,236,121,1898.0,amarilla,65
831,236,121,408.0,amarilla,70
832,236,14,1756.0,amarilla,81
833,237,10,374.0,amarilla,15
834,237,126,1899.0,amarilla,25
835,237,10,404.0,amarilla,25
836,237,126,379.0,amarilla,31
837,237,126,30.0,amarilla,40
838,237,10,1900.0,amarilla,43
839,237,126,1901.0,amarilla,45
840,238,90,,roja,
841,238,87,,roja,
842,238,102,,roja,
843,239,17,1868.0,amarilla,15
844,239,17,1866.0,amarilla,19
845,239,17,1902.0,amarilla,21
846,239,17,1902.0,amarilla,37
847,240,42,1903.0,amarilla,4
848,240,135,361.0,amarilla,34
849,240,42,1904.0,amarilla,58
850,240,42,1905.0,amarilla,64
851,240,42,1724.0,amarilla,89
852,241,21,1906.0,amarilla,38
853,241,21,1907.0,amarilla,69
854,241,21,1908.0,amarilla,83
855,242,36,1909.0,amarilla,7
856,242,36,1814.0,amarilla,18
857,242,39,1910.0,amarilla,61
858,242,36,1911.0,amarilla,68
859,242,39,78.0,amarilla,90+2
860,243,1,407.0,amarilla,47
861,243,46,1879.0,amarilla,81
862,244,117,316.0,amarilla,28
863,245,121,265.0,amarilla,31
864,245,33,1912.0,amarilla,40
865,245,33,392.0,amarilla,72
866,245,33,1913.0,amarilla,84
867,245,121,1914.0,amarilla,90+3
868,246,10,430.0,amarilla,30
869,246,17,1740.0,amarilla,47
870,246,17,1915.0,amarilla,68
871,246,10,1735.0,amarilla,72
872,246,17,401.0,amarilla,80
873,247,55,1916.0,amarilla,58
874,247,55,1894.0,amarilla,72
875,247,55,211.0,amarilla,90+3
876,247,55,394.0,amarilla,113
877,247,123,1917.0,amarilla,118
878,248,35,263.0,amarilla,74
879,248,126,379.0,amarilla,80
880,248,126,1918.0,roja,89
881,249,121,1919.0,amarilla,14
882,249,10,1920.0,amarilla,37
883,249,121,1921.0,amarilla,47
884,249,121,1828.0,amarilla,64
885,249,121,1922.0,amarilla,76
886,250,141,1871.0,amarilla,20
887,250,141,1763.0,amarilla,48
888,250,39,1923.0,amarilla,54
889,250,141,1924.0,amarilla,59
890,250,39,1925.0,amarilla,77
891,250,39,1910.0,amarilla,93
892,250,141,24.0,roja,120+1
893,251,5,20.0,amarilla,11
894,251,1,16.0,amarilla,35
895,251,5,1670.0,amarilla,80
896,252,35,1694.0,amarilla,57
897,252,123,354.0,amarilla,59
898,252,123,1831.0,amarilla,59
899,252,35,37.0,amarilla,63
900,252,123,1926.0,amarilla,71
901,252,123,1927.0,amarilla,88
902,253,141,409.0,amarilla,21
903,253,141,1489.0,amarilla,29
904,253,121,334.0,amarilla,29
905,253,121,1928.0,amarilla,78
906,253,121,1929.0,amarilla,90+5
907,254,76,,roja,
908,254,85,,roja,
909,254,104,,roja,
910,254,109,,roja,
911,254,115,,roja,
912,255,1,1930.0,amarilla,5
913,255,1,351.0,amarilla,7
914,255,141,1924.0,amarilla,61
915,255,1,407.0,amarilla,90+2
916,256,121,264.0,amarilla,15
917,256,35,410.0,amarilla,16
918,256,121,1929.0,amarilla,22
919,256,35,1757.0,amarilla,23
920,256,121,1828.0,amarilla,28
921,256,121,408.0,amarilla,54
922,256,121,1919.0,amarilla,57
923,256,35,1931.0,amarilla,67
924,256,121,265.0,amarilla,84
925,256,121,1919.0,amarilla,109
926,256,121,1921.0,amarilla,111
927,256,121,1932.0,amarilla,117
928,256,35,400.0,amarilla,118
929,256,35,1933.0,amarilla,120+1
930,257,22,1934.0,amarilla,30
931,258,28,1935.0,amarilla,31
932,258,125,1936.0,amarilla,37
933,258,28,567.0,amarilla,70
934,259,46,348.0,amarilla,19
935,259,123,1937.0,amarilla,22
936,259,46,440.0,amarilla,63
937,260,137,1938.0,amarilla,15
938,260,137,1938.0,amarilla,46
939,260,137,1939.0,amarilla,74
940,260,134,463.0,amarilla,90
941,261,5,419.0,amarilla,41
942,261,5,345.0,amarilla,48
943,261,23,1940.0,amarilla,62
944,261,5,1941.0,amarilla,81
945,261,23,375.0,amarilla,90+1
946,262,132,1942.0,amarilla,34
947,262,121,408.0,amarilla,56
948,262,132,1943.0,amarilla,64
949,262,132,1944.0,amarilla,81
950,262,121,1919.0,amarilla,85
951,262,132,1945.0,amarilla,90
952,263,117,544.0,amarilla,18
953,263,50,1749.0,amarilla,55
954,263,117,1946.0,amarilla,90+1
955,264,126,2.0,amarilla,26
956,264,2,1947.0,amarilla,28
957,264,2,1948.0,amarilla,45+3
958,264,2,1949.0,amarilla,52
959,264,126,1950.0,amarilla,79
960,265,53,355.0,amarilla,10
961,265,39,406.0,amarilla,41
962,265,53,1832.0,amarilla,62
963,265,39,303.0,amarilla,65
964,265,53,425.0,amarilla,88
965,266,36,1951.0,amarilla,5
966,266,128,1952.0,amarilla,16
967,266,128,1953.0,amarilla,59
968,266,36,1954.0,amarilla,60
969,266,128,427.0,amarilla,81
970,266,128,1955.0,amarilla,88
971,267,55,1956.0,amarilla,31
972,267,6,1957.0,amarilla,33
973,267,55,1958.0,amarilla,40
974,267,6,482.0,amarilla,58
975,267,55,1959.0,amarilla,68
976,267,6,269.0,amarilla,69
977,267,6,429.0,amarilla,78
978,268,24,483.0,amarilla,32
979,268,10,1960.0,amarilla,42
980,268,24,1961.0,amarilla,67
981,268,24,1962.0,amarilla,90
982,269,135,1963.0,amarilla,42
983,269,135,1964.0,amarilla,45
984,269,135,1965.0,amarilla,56
985,269,37,1845.0,amarilla,64
986,269,135,1966.0,amarilla,72
987,269,37,33.0,amarilla,72
988,269,135,451.0,amarilla,90+3
989,269,37,1967.0,amarilla,90+3
990,270,136,1968.0,amarilla,23
991,270,136,1969.0,amarilla,24
992,270,21,1970.0,amarilla,41
993,270,21,432.0,amarilla,51
994,270,136,1968.0,amarilla,53
995,270,136,1971.0,amarilla,90+2
996,271,140,455.0,amarilla,17
997,271,140,1972.0,roja,47
998,271,140,1973.0,amarilla,53
999,272,139,1974.0,amarilla,35
1000,272,139,1975.0,amarilla,36
1001,272,139,1976.0,amarilla,65
1002,272,139,1977.0,amarilla,79
1003,273,125,1978.0,amarilla,3
1004,273,125,1979.0,amarilla,28
1005,273,1,504.0,amarilla,58
1006,273,1,1980.0,amarilla,68
1007,273,1,1981.0,amarilla,70
1008,273,125,1979.0,amarilla,75
1009,273,125,1982.0,amarilla,89
1010,274,22,1983.0,amarilla,10
1011,274,22,1984.0,amarilla,28
1012,274,28,1985.0,amarilla,44
1013,274,28,1986.0,amarilla,54
1014,274,28,1987.0,amarilla,60
1015,275,137,1988.0,amarilla,18
1016,275,137,1989.0,amarilla,19
1017,275,137,1990.0,amarilla,45+1
1018,275,137,1991.0,amarilla,47
1019,275,137,1992.0,amarilla,56
1020,275,46,1993.0,amarilla,64
1021,276,123,1994.0,amarilla,3
1022,276,134,1995.0,amarilla,14
1023,276,134,1996.0,amarilla,48
1024,276,123,1997.0,amarilla,51
1025,276,123,1998.0,amarilla,54
1026,276,134,462.0,amarilla,60
1027,276,123,1999.0,amarilla,74
1028,276,123,2000.0,amarilla,85
1029,277,132,1943.0,amarilla,7
1030,277,132,2001.0,amarilla,27
1031,277,5,418.0,amarilla,36
1032,277,132,2002.0,amarilla,42
1033,277,132,2003.0,roja,65
1034,278,23,1717.0,amarilla,25
1035,278,121,265.0,amarilla,34
1036,278,121,1932.0,amarilla,35
1037,278,23,375.0,amarilla,41
1038,278,121,1929.0,amarilla,58
1039,278,23,2004.0,amarilla,66
1040,278,121,1928.0,amarilla,90+4
1041,279,2,2005.0,amarilla,13
1042,279,2,1949.0,amarilla,44
1043,279,2,2006.0,amarilla,50
1044,279,117,2007.0,amarilla,59
1045,279,2,1949.0,amarilla,79
1046,279,2,2008.0,amarilla,86
1047,280,50,1749.0,amarilla,20
1048,280,50,2009.0,amarilla,32
1049,280,126,423.0,amarilla,45+1
1050,280,126,446.0,amarilla,48
1051,280,126,2010.0,amarilla,61
1052,280,50,2011.0,amarilla,73
1053,280,50,421.0,amarilla,88
1054,281,53,489.0,amarilla,5
1055,281,36,2012.0,amarilla,21
1056,281,53,355.0,roja,28
1057,281,36,2013.0,roja,45
1058,281,36,2012.0,amarilla,47
1059,281,53,493.0,amarilla,70
1060,282,39,2014.0,amarilla,18
1061,282,39,2015.0,amarilla,37
1062,282,128,1953.0,amarilla,49
1063,282,128,2016.0,roja,65
1064,282,39,303.0,amarilla,66
1065,282,39,2017.0,amarilla,75
1066,282,39,406.0,amarilla,84
1067,282,39,2018.0,amarilla,90+3
1068,283,6,1887.0,amarilla,13
1069,283,10,2019.0,amarilla,29
1070,283,10,4.0,amarilla,31
1071,283,6,2020.0,amarilla,39
1072,283,10,405.0,amarilla,83
1073,284,55,1956.0,amarilla,21
1074,284,24,1961.0,amarilla,32
1075,284,55,2021.0,amarilla,42
1076,284,24,481.0,amarilla,69
1077,284,55,2022.0,amarilla,72
1078,285,21,2023.0,amarilla,11
1079,285,21,2024.0,amarilla,29
1080,285,37,1845.0,amarilla,79
1081,285,37,33.0,amarilla,85
1082,286,136,2025.0,amarilla,45
1083,286,136,2026.0,amarilla,47
1084,286,136,1969.0,amarilla,53
1085,286,135,2027.0,amarilla,90+2
1086,287,35,410.0,amarilla,30
1087,287,139,2028.0,amarilla,32
1088,287,139,2029.0,amarilla,40
1089,287,139,437.0,amarilla,70
1090,287,139,2030.0,amarilla,81
1091,287,139,434.0,amarilla,85
1092,287,35,2031.0,amarilla,89
1093,287,139,453.0,amarilla,90+3
1094,288,140,2032.0,amarilla,22
1095,288,3,2033.0,amarilla,41
1096,288,3,2034.0,amarilla,57
1097,288,3,2035.0,amarilla,73
1098,288,140,458.0,amarilla,77
1099,288,140,2036.0,amarilla,89
1100,289,28,1747.0,amarilla,52
1101,289,1,2037.0,amarilla,75
1102,290,22,1801.0,amarilla,17
1103,290,125,2038.0,amarilla,18
1104,290,125,2039.0,amarilla,24
1105,290,125,2040.0,amarilla,29
1106,290,22,1983.0,amarilla,45+2
1107,290,22,459.0,amarilla,45+2
1108,290,22,2041.0,amarilla,56
1109,290,125,2042.0,amarilla,60
1110,290,22,2043.0,amarilla,76
1111,290,125,1982.0,amarilla,90+1
1112,291,46,2044.0,amarilla,76
1113,291,134,510.0,amarilla,83
1114,291,134,441.0,amarilla,87
1115,292,123,1999.0,amarilla,30
1116,292,137,2045.0,amarilla,45
1117,292,137,1989.0,amarilla,48
1118,292,123,2046.0,amarilla,54
1119,293,121,353.0,amarilla,28
1120,293,121,1922.0,amarilla,42
1121,293,121,2047.0,amarilla,48
1122,293,5,443.0,amarilla,57
1123,293,5,1670.0,amarilla,90
1124,294,132,2001.0,amarilla,17
1125,294,23,2048.0,amarilla,33
1126,294,132,2049.0,amarilla,35
1127,294,132,2050.0,amarilla,37
1128,294,23,2051.0,amarilla,41
1129,294,23,468.0,amarilla,43
1130,294,132,2001.0,amarilla,45+1
1131,294,132,1945.0,amarilla,57
1132,294,23,2051.0,amarilla,90+2
1133,295,117,1846.0,amarilla,22
1134,295,126,2052.0,amarilla,26
1135,295,117,2053.0,amarilla,27
1136,295,117,2053.0,amarilla,61
1137,295,117,316.0,amarilla,65
1138,295,126,470.0,amarilla,69
1139,295,117,422.0,amarilla,87
1140,295,126,2054.0,amarilla,88
1141,295,126,499.0,amarilla,90+1
1142,296,2,1948.0,amarilla,22
1143,296,50,2009.0,amarilla,37
1144,296,2,2055.0,amarilla,45+1
1145,296,50,1729.0,amarilla,55
1146,296,2,2006.0,amarilla,67
1147,296,50,2056.0,amarilla,90+1
1148,297,53,2057.0,amarilla,31
1149,297,128,2058.0,amarilla,35
1150,297,128,2058.0,amarilla,45+2
1151,298,39,2015.0,amarilla,5
1152,298,36,2059.0,amarilla,7
1153,298,39,2060.0,amarilla,32
1154,298,39,1910.0,amarilla,81
1155,298,39,477.0,amarilla,90+1
1156,299,55,2061.0,amarilla,40
1157,299,10,480.0,amarilla,44
1158,300,24,2062.0,amarilla,32
1159,300,24,1962.0,amarilla,38
1160,300,24,2063.0,amarilla,61
1161,300,24,2064.0,amarilla,70
1162,300,6,1887.0,amarilla,81
1163,300,24,2062.0,amarilla,85
1164,300,6,1887.0,amarilla,87
1165,300,24,2063.0,amarilla,90+3
1166,301,37,2065.0,amarilla,30
1167,301,136,2066.0,amarilla,38
1168,301,136,2067.0,amarilla,44
1169,301,136,2025.0,amarilla,88
1170,302,21,385.0,amarilla,23
1171,302,21,2068.0,amarilla,37
1172,302,135,486.0,amarilla,43
1173,302,135,1841.0,amarilla,55
1174,302,135,2069.0,amarilla,69
1175,302,21,2070.0,amarilla,78
1176,302,21,433.0,amarilla,78
1177,302,21,432.0,amarilla,80
1178,302,135,2071.0,amarilla,82
1179,302,135,1722.0,amarilla,90
1180,303,3,436.0,amarilla,27
1181,303,35,2072.0,amarilla,30
1182,303,35,2073.0,amarilla,35
1183,303,35,2074.0,amarilla,75
1184,303,3,2075.0,amarilla,77
1185,304,139,434.0,amarilla,9
1186,304,140,2036.0,amarilla,18
1187,304,139,1975.0,amarilla,43
1188,304,139,434.0,amarilla,45+1
1189,304,140,2076.0,amarilla,47
1190,304,140,2077.0,amarilla,61
1191,304,140,455.0,amarilla,65
1192,304,139,437.0,amarilla,90
1193,305,1,414.0,amarilla,27
1194,305,134,1996.0,amarilla,28
1195,305,134,1996.0,amarilla,35
1196,305,134,2078.0,amarilla,48
1197,305,134,462.0,amarilla,78
1198,306,5,345.0,amarilla,45+1
1199,306,117,316.0,amarilla,70
1200,306,117,2079.0,amarilla,82
1201,306,5,2080.0,amarilla,112
1202,306,117,544.0,amarilla,118
1203,306,117,471.0,amarilla,119
1204,307,46,2081.0,amarilla,18
1205,307,28,1747.0,amarilla,24
1206,307,28,415.0,amarilla,37
1207,307,28,1986.0,amarilla,67
1208,307,46,2082.0,amarilla,78
1209,307,46,1816.0,amarilla,82
1210,308,121,1929.0,amarilla,2
1211,308,121,1928.0,amarilla,7
1212,308,126,470.0,amarilla,20
1213,308,126,2010.0,amarilla,31
1214,308,126,2010.0,amarilla,45+1
1215,308,126,2083.0,amarilla,50
1216,308,121,408.0,amarilla,59
1217,308,126,2084.0,amarilla,60
1218,308,121,1928.0,amarilla,63
1219,308,121,334.0,amarilla,73
1220,308,126,446.0,amarilla,73
1221,308,121,1898.0,amarilla,74
1222,308,126,2085.0,amarilla,76
1223,308,126,1950.0,amarilla,76
1224,308,126,446.0,amarilla,78
1225,308,121,408.0,amarilla,90+5
1226,309,6,1957.0,amarilla,23
1227,309,53,495.0,amarilla,29
1228,309,6,269.0,amarilla,49
1229,309,53,474.0,roja,50
1230,309,6,1885.0,amarilla,61
1231,309,53,2057.0,amarilla,89
1232,309,53,493.0,amarilla,90+1
1233,310,135,452.0,amarilla,59
1234,311,39,477.0,amarilla,7
1235,311,39,406.0,amarilla,11
1236,311,10,449.0,amarilla,13
1237,311,39,1923.0,amarilla,29
1238,311,39,2086.0,amarilla,38
1239,311,10,404.0,amarilla,44
1240,311,39,303.0,amarilla,48
1241,311,39,303.0,amarilla,81
1242,312,37,485.0,amarilla,68
1243,312,35,410.0,amarilla,82
1244,312,37,491.0,amarilla,87
1245,312,37,33.0,amarilla,90+1
1246,313,1,350.0,amarilla,3
1247,313,5,2080.0,amarilla,46
1248,313,5,1670.0,amarilla,60
1249,313,5,442.0,amarilla,88
1250,313,1,1980.0,amarilla,90+4
1251,313,5,2087.0,amarilla,95
1252,313,1,407.0,amarilla,114
1253,313,5,2088.0,roja,120
1254,314,91,,roja,
1255,314,100,,roja,
1256,314,63,,roja,
1257,314,73,,roja,
1258,314,95,,roja,
1259,315,46,2081.0,amarilla,30
1260,315,126,2083.0,amarilla,44
1261,315,46,295.0,roja,62
1262,315,46,2044.0,amarilla,107
1263,315,126,2089.0,amarilla,111
1264,316,10,2019.0,amarilla,25
1265,316,10,404.0,amarilla,45
1266,316,10,4.0,amarilla,45+2
1267,316,37,1967.0,amarilla,74
1268,316,10,2090.0,amarilla,75
1269,316,37,2091.0,amarilla,87
1270,316,37,678.0,amarilla,88
1271,317,1,2037.0,amarilla,40
1272,317,1,1981.0,amarilla,56
1273,317,53,1832.0,amarilla,90
1274,318,126,2089.0,amarilla,83
1275,318,37,2091.0,amarilla,87
1276,319,1,414.0,amarilla,7
1277,319,126,1918.0,amarilla,24
1278,319,126,2010.0,amarilla,33
1279,319,126,2092.0,amarilla,60
1280,319,1,497.0,amarilla,78
1281,320,53,493.0,amarilla,5
1282,320,37,1967.0,amarilla,12
1283,320,37,2065.0,amarilla,76
1284,320,37,33.0,roja,110
1285,320,37,384.0,amarilla,111
1286,321,37,651.0,amarilla,45+2
1287,321,131,2093.0,amarilla,51
1288,322,48,2094.0,amarilla,30
1289,322,48,2095.0,amarilla,51
1290,322,48,2096.0,amarilla,82
1291,322,14,2097.0,amarilla,89
1292,323,141,2098.0,amarilla,25
1293,323,27,2099.0,amarilla,34
1294,323,27,2100.0,amarilla,51
1295,324,1,2101.0,amarilla,43
1296,324,1,2102.0,amarilla,83
1297,324,3,2103.0,amarilla,90+1
1298,325,46,509.0,amarilla,12
1299,325,134,462.0,amarilla,45+2
1300,325,134,2104.0,amarilla,73
1301,326,133,2105.0,amarilla,3
1302,326,133,2106.0,amarilla,9
1303,326,123,2107.0,amarilla,35
1304,326,133,558.0,amarilla,38
1305,326,133,2108.0,amarilla,45+2
1306,326,123,1994.0,amarilla,65
1307,326,123,2109.0,amarilla,90
1308,326,123,2110.0,amarilla,90+3
1309,327,5,2111.0,amarilla,51
1310,327,118,2112.0,amarilla,73
1311,327,5,2113.0,amarilla,90
1312,328,35,515.0,amarilla,36
1313,328,34,2114.0,amarilla,45+1
1314,328,34,516.0,amarilla,65
1315,329,24,2115.0,amarilla,59
1316,330,138,2116.0,amarilla,21
1317,330,138,2117.0,amarilla,24
1318,330,138,2118.0,amarilla,44
1319,330,10,2119.0,amarilla,73
1320,330,138,2118.0,roja,86
1321,330,138,2117.0,amarilla,90+4
1322,331,28,2120.0,amarilla,14
1323,331,28,1986.0,amarilla,49
1324,331,28,2121.0,amarilla,54
1325,331,53,1888.0,amarilla,81
1326,332,22,1983.0,amarilla,15
1327,332,22,1984.0,amarilla,17
1328,332,18,2122.0,amarilla,60
1329,332,18,2123.0,amarilla,72
1330,332,18,2124.0,amarilla,77
1331,332,22,459.0,amarilla,79
1332,332,22,2125.0,amarilla,85
1333,333,12,525.0,amarilla,21
1334,333,55,2126.0,amarilla,31
1335,333,55,524.0,amarilla,54
1336,333,12,2127.0,amarilla,62
1337,333,12,2128.0,amarilla,82
1338,334,125,1978.0,amarilla,31
1339,334,21,347.0,amarilla,70
1340,334,125,2129.0,amarilla,79
1341,334,125,2130.0,amarilla,84
1342,334,21,1907.0,amarilla,90
1343,335,130,2131.0,amarilla,27
1344,335,139,2132.0,amarilla,50
1345,335,139,434.0,amarilla,75
1346,335,130,2133.0,amarilla,88
1347,336,126,533.0,amarilla,34
1348,336,126,2083.0,amarilla,52
1349,336,36,1883.0,amarilla,90+2
1350,337,98,,roja,
1351,337,108,,roja,
1352,337,112,,roja,
1353,337,96,,roja,
1354,337,110,,roja,
1355,338,141,2134.0,amarilla,11
1356,338,37,450.0,roja,25
1357,338,141,2135.0,amarilla,45+2
1358,338,37,651.0,amarilla,45+2
1359,338,141,2136.0,amarilla,45+3
1360,338,141,2137.0,amarilla,47
1361,339,14,2138.0,amarilla,10
1362,339,3,2139.0,amarilla,59
1363,340,27,667.0,amarilla,7
1364,340,131,551.0,amarilla,10
1365,340,27,395.0,amarilla,20
1366,340,131,536.0,amarilla,62
1367,340,131,536.0,roja,80
1368,340,27,668.0,amarilla,82
1369,340,27,1896.0,amarilla,84
1370,341,134,2140.0,amarilla,31
1371,341,134,510.0,amarilla,69
1372,341,118,2141.0,amarilla,80
1373,342,35,2142.0,amarilla,9
1374,342,123,512.0,amarilla,44
1375,342,123,2143.0,amarilla,60
1376,342,123,511.0,amarilla,80
1377,343,5,15.0,amarilla,13
1378,343,46,2144.0,amarilla,29
1379,343,46,579.0,amarilla,50
1380,344,133,560.0,amarilla,12
1381,344,34,2145.0,amarilla,35
1382,344,34,2146.0,amarilla,52
1383,344,133,513.0,amarilla,59
1384,344,34,2147.0,amarilla,62
1385,344,34,2148.0,amarilla,75
1386,345,24,1961.0,amarilla,39
1387,345,53,520.0,amarilla,51
1388,346,10,13.0,amarilla,25
1389,346,10,2149.0,amarilla,69
1390,347,28,439.0,amarilla,15
1391,347,28,2150.0,amarilla,27
1392,347,28,2151.0,amarilla,49
1393,347,28,415.0,amarilla,61
1394,347,117,544.0,amarilla,65
1395,347,28,416.0,amarilla,87
1396,348,138,2152.0,amarilla,20
1397,348,22,2153.0,amarilla,24
1398,348,22,2154.0,amarilla,43
1399,348,138,2155.0,amarilla,45
1400,348,138,545.0,amarilla,89
1401,349,130,2156.0,amarilla,13
1402,349,55,1956.0,amarilla,15
1403,349,130,2157.0,amarilla,38
1404,349,55,2158.0,amarilla,42
1405,349,130,2159.0,amarilla,60
1406,349,55,663.0,amarilla,90+1
1407,350,36,2160.0,amarilla,30
1408,350,36,2161.0,amarilla,39
1409,350,21,682.0,amarilla,80
1410,351,139,2132.0,amarilla,22
1411,351,12,2162.0,amarilla,40
1412,351,139,2163.0,amarilla,43
1413,351,139,2029.0,amarilla,68
1414,351,139,2164.0,amarilla,69
1415,352,125,2130.0,amarilla,21
1416,352,126,2165.0,amarilla,25
1417,352,126,2166.0,amarilla,27
1418,352,126,549.0,amarilla,31
1419,352,125,2167.0,amarilla,39
1420,353,37,598.0,amarilla,8
1421,353,27,1896.0,amarilla,27
1422,353,27,2168.0,amarilla,71
1423,354,131,580.0,amarilla,2
1424,354,131,2169.0,amarilla,4
1425,354,141,2136.0,amarilla,8
1426,354,141,2170.0,amarilla,19
1427,354,141,2134.0,amarilla,35
1428,354,131,2171.0,amarilla,39
1429,354,141,503.0,amarilla,40
1430,354,131,500.0,amarilla,69
1431,354,131,2172.0,amarilla,82
1432,354,141,2173.0,amarilla,82
1433,354,131,551.0,amarilla,87
1434,354,131,2174.0,amarilla,87
1435,355,14,2175.0,amarilla,8
1436,355,1,505.0,amarilla,9
1437,355,1,2102.0,amarilla,29
1438,355,1,504.0,amarilla,31
1439,355,1,2176.0,amarilla,37
1440,355,1,2176.0,amarilla,40
1441,355,14,2177.0,amarilla,42
1442,355,1,2178.0,amarilla,42
1443,355,14,2179.0,amarilla,44
1444,355,14,2180.0,amarilla,56
1445,355,14,2181.0,amarilla,58
1446,355,14,2182.0,amarilla,60
1447,355,1,2101.0,amarilla,72
1448,355,1,414.0,amarilla,74
1449,355,14,2182.0,amarilla,77
1450,355,14,2183.0,amarilla,81
1451,356,3,2075.0,amarilla,61
1452,356,48,2184.0,amarilla,70
1453,357,5,717.0,roja,45+2
1454,357,5,2185.0,amarilla,55
1455,357,5,2186.0,amarilla,58
1456,357,134,2187.0,amarilla,65
1457,357,5,2188.0,amarilla,75
1458,357,134,463.0,amarilla,78
1459,358,109,,roja,
1460,358,92,,roja,
1461,358,100,,roja,
1462,358,108,,roja,
1463,359,133,2189.0,amarilla,16
1464,359,133,2190.0,amarilla,67
1465,359,133,540.0,amarilla,69
1466,359,133,2105.0,amarilla,81
1467,360,123,1999.0,amarilla,4
1468,360,34,2148.0,amarilla,15
1469,360,123,1999.0,amarilla,22
1470,360,34,2114.0,amarilla,68
1471,360,34,2191.0,amarilla,69
1472,360,34,2146.0,amarilla,79
1473,360,34,2192.0,roja,81
1474,361,10,2019.0,amarilla,90+3
1475,362,138,2152.0,amarilla,19
1476,362,138,545.0,amarilla,30
1477,362,18,2193.0,amarilla,45+1
1478,362,18,2194.0,roja,58
1479,362,18,2195.0,amarilla,62
1480,362,138,518.0,amarilla,81
1481,363,117,2196.0,amarilla,2
1482,363,53,1888.0,amarilla,5
1483,363,53,2197.0,amarilla,10
1484,363,53,489.0,amarilla,43
1485,363,53,493.0,amarilla,55
1486,363,53,2198.0,amarilla,57
1487,363,117,2199.0,amarilla,84
1488,364,24,2200.0,amarilla,72
1489,364,28,2121.0,amarilla,86
1490,364,24,2063.0,amarilla,90+2
1491,365,139,1975.0,amarilla,21
1492,365,139,2201.0,amarilla,81
1493,366,130,2157.0,amarilla,12
1494,366,130,2202.0,amarilla,14
1495,366,12,2203.0,amarilla,39
1496,366,130,2133.0,amarilla,64
1497,366,130,2204.0,amarilla,84
1498,367,126,533.0,amarilla,22
1499,367,21,2205.0,amarilla,24
1500,367,126,2206.0,roja,27
1501,367,21,581.0,amarilla,57
1502,367,126,533.0,amarilla,66
1503,367,21,1877.0,amarilla,74
1504,367,126,2166.0,amarilla,83
1505,367,21,433.0,amarilla,90+3
1506,368,125,2207.0,amarilla,44
1507,368,125,2208.0,amarilla,46
1508,368,125,2209.0,amarilla,63
1509,368,36,2160.0,amarilla,72
1510,368,125,574.0,amarilla,86
1511,369,123,1997.0,amarilla,26
1512,369,1,508.0,amarilla,35
1513,369,123,655.0,amarilla,50
1514,369,1,2210.0,amarilla,71
1515,369,123,1997.0,roja,90+2
1516,369,1,504.0,amarilla,90+2
1517,370,27,2211.0,amarilla,24
1518,370,46,2212.0,amarilla,50
1519,371,131,2171.0,amarilla,73
1520,371,131,2213.0,amarilla,94
1521,373,36,2012.0,amarilla,26
1522,373,117,2214.0,amarilla,37
1523,373,36,2013.0,amarilla,47
1524,373,36,2215.0,amarilla,50
1525,373,36,2216.0,amarilla,53
1526,373,117,602.0,amarilla,67
1527,373,117,43.0,amarilla,70
1528,373,117,630.0,amarilla,81
1529,373,36,2217.0,amarilla,83
1530,373,117,2218.0,amarilla,84
1531,373,117,316.0,roja,88
1532,374,12,2203.0,amarilla,24
1533,374,10,542.0,amarilla,28
1534,375,138,2118.0,amarilla,21
1535,375,138,2219.0,amarilla,44
1536,375,55,2126.0,amarilla,45
1537,375,138,583.0,amarilla,90+1
1538,376,53,2220.0,amarilla,4
1539,376,21,2205.0,amarilla,17
1540,376,53,489.0,amarilla,22
1541,376,53,2221.0,amarilla,55
1542,376,53,2222.0,amarilla,59
1543,376,21,585.0,amarilla,80
1544,376,21,432.0,amarilla,99
1545,376,53,489.0,amarilla,103
1546,376,21,2070.0,amarilla,115
1547,377,10,13.0,roja,57
1548,377,46,615.0,amarilla,75
1549,377,46,577.0,amarilla,86
1550,378,36,2059.0,amarilla,40
1551,378,36,2012.0,amarilla,41
1552,378,1,2223.0,amarilla,66
1553,378,36,1954.0,amarilla,68
1554,378,1,2224.0,amarilla,68
1555,378,36,2013.0,amarilla,69
1556,378,36,2216.0,amarilla,70
1557,379,21,527.0,amarilla,52
1558,379,35,2225.0,amarilla,53
1559,379,35,539.0,amarilla,111
1560,380,131,2169.0,amarilla,12
1561,380,138,545.0,amarilla,22
1562,380,131,2093.0,amarilla,63
1563,380,138,582.0,amarilla,87
1564,381,1,504.0,amarilla,71
1565,381,1,438.0,amarilla,85
1566,381,21,2226.0,amarilla,90+4
1567,382,10,2227.0,amarilla,41
1568,382,138,2155.0,amarilla,59
1569,382,138,518.0,amarilla,90
1570,383,21,584.0,amarilla,23
1571,383,138,2155.0,amarilla,50
1572,383,138,2228.0,amarilla,83
1573,384,10,2149.0,amarilla,6
1574,384,1,6.0,amarilla,9
1575,385,32,2229.0,amarilla,25
1576,385,10,586.0,amarilla,37
1577,385,10,2230.0,amarilla,45+2
1578,386,58,2231.0,amarilla,79
1579,387,7,2232.0,amarilla,27
1580,387,14,2233.0,amarilla,30
1581,388,53,2234.0,amarilla,8
1582,388,53,1888.0,amarilla,31
1583,388,17,2235.0,amarilla,45
1584,388,17,2236.0,amarilla,53
1585,388,17,2237.0,amarilla,66
1586,389,3,2238.0,amarilla,11
1587,389,27,2239.0,amarilla,12
1588,389,27,597.0,amarilla,60
1589,389,27,623.0,amarilla,73
1590,390,37,651.0,amarilla,28
1591,390,133,2240.0,amarilla,39
1592,390,37,2241.0,amarilla,53
1593,390,37,33.0,amarilla,75
1594,391,11,2242.0,amarilla,27
1595,391,11,718.0,amarilla,45
1596,391,123,654.0,amarilla,45
1597,391,11,2243.0,amarilla,73
1598,391,11,2242.0,amarilla,89
1599,392,12,2244.0,amarilla,20
1600,392,12,2245.0,amarilla,30
1601,392,121,676.0,roja,82
1602,393,21,2226.0,amarilla,20
1603,393,117,2246.0,amarilla,26
1604,393,117,630.0,amarilla,27
1605,393,21,600.0,roja,30
1606,394,35,2247.0,amarilla,56
1607,394,35,2248.0,amarilla,59
1608,394,118,2249.0,amarilla,62
1609,394,35,2250.0,amarilla,75
1610,395,24,2251.0,amarilla,5
1611,395,24,2062.0,amarilla,59
1612,395,54,2252.0,amarilla,62
1613,396,132,2253.0,amarilla,42
1614,396,132,633.0,amarilla,60
1615,397,55,2254.0,amarilla,26
1616,397,55,2255.0,amarilla,67
1617,397,55,2256.0,amarilla,90+2
1618,398,1,2224.0,amarilla,30
1619,398,36,2160.0,amarilla,50
1620,398,1,2102.0,amarilla,77
1621,398,1,2257.0,amarilla,84
1622,398,36,2012.0,amarilla,85
1623,399,19,2258.0,amarilla,47
1624,399,129,2259.0,amarilla,54
1625,399,129,2260.0,amarilla,69
1626,399,129,639.0,amarilla,78
1627,400,139,2261.0,amarilla,48
1628,400,139,2262.0,amarilla,70
1629,400,139,2163.0,amarilla,87
1630,400,46,509.0,amarilla,88
1631,401,32,2263.0,amarilla,24
1632,401,119,643.0,amarilla,53
1633,401,32,2229.0,amarilla,56
1634,401,119,2264.0,amarilla,58
1635,402,58,591.0,amarilla,32
1636,402,10,586.0,amarilla,36
1637,402,58,2231.0,amarilla,64
1638,402,10,2265.0,amarilla,87
1639,403,17,2266.0,amarilla,16
1640,403,7,2267.0,amarilla,26
1641,403,17,2268.0,amarilla,47
1642,403,17,595.0,amarilla,58
1643,403,17,2269.0,amarilla,74
1644,404,14,2138.0,amarilla,6
1645,404,14,593.0,amarilla,16
1646,404,53,2270.0,amarilla,26
1647,404,14,2097.0,roja,42
1648,404,53,620.0,amarilla,63
1649,404,14,2271.0,amarilla,79
1650,404,14,2177.0,amarilla,85
1651,405,3,2272.0,amarilla,7
1652,405,3,2273.0,roja,19
1653,405,37,670.0,amarilla,36
1654,405,37,622.0,amarilla,50
1655,405,37,33.0,roja,71
1656,405,3,436.0,amarilla,82
1657,406,27,2274.0,amarilla,23
1658,406,133,2275.0,amarilla,28
1659,406,27,2276.0,amarilla,56
1660,406,27,2277.0,amarilla,57
1661,406,133,2106.0,amarilla,63
1662,406,133,2278.0,amarilla,65
1663,406,27,2279.0,roja,66
1664,406,133,2278.0,roja,68
1665,406,133,560.0,amarilla,73
1666,406,27,2239.0,roja,85
1667,407,118,603.0,amarilla,20
1668,407,118,2249.0,amarilla,44
1669,407,118,624.0,amarilla,49
1670,407,11,2280.0,amarilla,66
1671,407,118,2281.0,amarilla,70
1672,407,11,2282.0,amarilla,78
1673,408,35,2283.0,amarilla,8
1674,408,123,652.0,amarilla,30
1675,408,123,512.0,amarilla,76
1676,408,35,648.0,amarilla,87
1677,409,21,2284.0,amarilla,26
1678,409,21,2285.0,amarilla,90+2
1679,410,117,2286.0,roja,28
1680,410,117,2287.0,amarilla,39
1681,410,117,43.0,amarilla,47
1682,410,12,2127.0,roja,54
1683,410,12,2288.0,amarilla,68
1684,411,24,608.0,amarilla,26
1685,411,55,2289.0,amarilla,41
1686,411,55,2255.0,amarilla,70
1687,411,24,606.0,amarilla,83
1688,411,55,2290.0,amarilla,89
1689,412,54,2291.0,amarilla,4
1690,412,54,2291.0,amarilla,45+1
1691,412,5,2185.0,amarilla,65
1692,412,54,2292.0,amarilla,88
1693,413,1,23.0,amarilla,75
1694,414,50,2293.0,amarilla,8
1695,414,36,2294.0,amarilla,18
1696,414,50,2295.0,amarilla,77
1697,415,139,1975.0,amarilla,16
1698,415,19,2258.0,amarilla,18
1699,415,139,2261.0,amarilla,83
1700,416,129,688.0,amarilla,4
1701,416,129,2296.0,amarilla,46
1702,416,129,2297.0,amarilla,78
1703,416,129,2259.0,amarilla,88
1704,417,7,2298.0,amarilla,3
1705,417,7,619.0,amarilla,35
1706,417,7,2267.0,amarilla,43
1707,417,53,2299.0,amarilla,87
1708,417,7,2300.0,amarilla,88
1709,418,32,2301.0,amarilla,21
1710,418,32,617.0,roja,53
1711,418,58,2302.0,amarilla,81
1712,419,119,2303.0,amarilla,54
1713,419,119,642.0,amarilla,61
1714,420,14,2177.0,amarilla,8
1715,420,17,2235.0,amarilla,50
1716,420,14,2177.0,roja,51
1717,420,17,2237.0,amarilla,55
1718,420,17,2266.0,amarilla,66
1719,420,14,2183.0,roja,88
1720,420,17,2304.0,amarilla,89
1721,421,35,2305.0,amarilla,16
1722,421,11,2306.0,amarilla,45
1723,421,35,2307.0,amarilla,73
1724,421,11,2308.0,amarilla,85
1725,422,37,2309.0,amarilla,53
1726,422,37,485.0,amarilla,62
1727,422,27,2310.0,amarilla,65
1728,422,27,2211.0,amarilla,78
1729,423,118,2311.0,amarilla,25
1730,423,118,2312.0,amarilla,38
1731,424,3,2313.0,amarilla,30
1732,424,133,514.0,amarilla,38
1733,424,133,560.0,amarilla,65
1734,425,21,2205.0,amarilla,48
1735,425,12,2314.0,amarilla,65
1736,425,21,2315.0,amarilla,67
1737,425,21,2226.0,amarilla,83
1738,425,21,2316.0,amarilla,83
1739,426,117,2317.0,amarilla,18
1740,426,121,2318.0,amarilla,21
1741,426,121,2319.0,amarilla,46
1742,426,117,602.0,amarilla,46
1743,426,117,2218.0,amarilla,58
1744,426,117,601.0,amarilla,68
1745,426,117,2287.0,roja,89
1746,427,1,612.0,amarilla,31
1747,427,1,2320.0,amarilla,45
1748,427,50,2321.0,amarilla,47
1749,428,36,1954.0,amarilla,13
1750,428,132,1942.0,amarilla,41
1751,428,132,2322.0,amarilla,61
1752,429,139,2323.0,amarilla,28
1753,429,139,660.0,amarilla,57
1754,430,19,2324.0,amarilla,20
1755,430,46,615.0,amarilla,22
1756,430,19,2325.0,amarilla,86
1757,430,19,2326.0,amarilla,89
1758,430,46,614.0,amarilla,89
1759,431,55,2327.0,amarilla,4
1760,431,54,2328.0,amarilla,78
1761,431,54,2329.0,amarilla,88
1762,432,24,2330.0,amarilla,20
1763,432,5,631.0,amarilla,23
1764,432,5,492.0,amarilla,35
1765,432,24,2251.0,amarilla,43
1766,432,24,2331.0,amarilla,47
1767,432,24,674.0,amarilla,58
1768,432,5,2332.0,amarilla,68
1769,433,17,2333.0,amarilla,34
1770,433,10,2334.0,amarilla,45
1771,433,17,2335.0,amarilla,45
1772,433,10,2019.0,amarilla,90+1
1773,434,119,616.0,amarilla,35
1774,434,53,2336.0,amarilla,38
1775,434,119,2337.0,amarilla,54
1776,434,119,643.0,amarilla,62
1777,434,53,620.0,amarilla,84
1778,434,53,2299.0,amarilla,89
1779,435,27,597.0,amarilla,24
1780,435,118,2281.0,amarilla,49
1781,436,123,2338.0,amarilla,19
1782,436,123,654.0,amarilla,23
1783,436,123,2339.0,amarilla,32
1784,436,123,512.0,amarilla,84
1785,436,123,2340.0,amarilla,99
1786,437,1,2341.0,amarilla,45+1
1787,437,1,23.0,amarilla,56
1788,437,117,2342.0,amarilla,57
1789,437,1,2343.0,amarilla,77
1790,437,117,43.0,amarilla,87
1791,437,1,2102.0,amarilla,88
1792,438,132,633.0,amarilla,38
1793,438,132,2344.0,amarilla,52
1794,438,132,2345.0,amarilla,73
1795,439,46,2346.0,amarilla,5
1796,439,46,2347.0,amarilla,10
1797,439,5,2348.0,amarilla,44
1798,439,46,488.0,roja,47
1799,439,5,2113.0,amarilla,47
1800,439,5,2186.0,amarilla,73
1801,439,5,2349.0,amarilla,110
1802,440,24,2331.0,amarilla,27
1803,440,129,2296.0,amarilla,43
1804,440,129,639.0,amarilla,70
1805,440,24,2330.0,amarilla,70
1806,440,129,613.0,amarilla,81
1807,441,53,496.0,amarilla,26
1808,441,53,2350.0,amarilla,28
1809,441,37,2351.0,amarilla,53
1810,441,37,2241.0,amarilla,62
1811,441,53,2270.0,amarilla,113
1812,442,10,542.0,amarilla,11
1813,442,27,668.0,amarilla,19
1814,442,10,2230.0,amarilla,37
1815,442,27,2310.0,amarilla,39
1816,442,27,2211.0,amarilla,72
1817,442,10,2019.0,amarilla,81
1818,443,24,2062.0,amarilla,13
1819,443,1,2257.0,amarilla,18
1820,443,1,2343.0,amarilla,37
1821,443,1,2352.0,roja,40
1822,443,24,609.0,amarilla,57
1823,444,121,2318.0,amarilla,10
1824,444,121,2319.0,amarilla,17
1825,444,5,2185.0,amarilla,22
1826,444,5,2353.0,amarilla,60
1827,444,121,2319.0,amarilla,76
1828,444,5,631.0,amarilla,86
1829,444,5,631.0,roja,87
1830,445,10,2354.0,amarilla,31
1831,445,10,586.0,amarilla,45
1832,445,121,2355.0,amarilla,48
1833,445,121,671.0,amarilla,60
1834,445,121,628.0,amarilla,90
1835,445,121,2356.0,amarilla,119
1836,446,24,2357.0,amarilla,45
1837,446,24,606.0,amarilla,75
1838,446,37,670.0,roja,76
1839,446,24,2062.0,amarilla,88
1840,447,24,2358.0,amarilla,34
1841,447,24,2359.0,amarilla,52
1842,447,24,2357.0,amarilla,69
1843,447,24,606.0,amarilla,74
1844,447,121,698.0,amarilla,89
1845,447,121,671.0,amarilla,89
1846,448,10,2265.0,amarilla,33
1847,448,37,2241.0,amarilla,39
1848,448,37,2360.0,amarilla,48
1849,448,37,2361.0,amarilla,56
1850,448,37,2360.0,amarilla,68
1851,449,1,2362.0,amarilla,6
1852,449,8,2363.0,amarilla,37
1853,449,8,2364.0,amarilla,39
1854,449,1,611.0,amarilla,54
1855,449,8,2365.0,amarilla,66
1856,449,8,2366.0,roja,82
1857,449,8,2367.0,amarilla,89
1858,450,35,645.0,amarilla,24
1859,450,35,2248.0,roja,25
1860,450,21,2368.0,amarilla,37
1861,450,21,2369.0,amarilla,61
1862,450,35,724.0,amarilla,71
1863,451,135,2370.0,amarilla,26
1864,451,135,2371.0,amarilla,82
1865,451,36,2372.0,amarilla,89
1866,452,48,2373.0,amarilla,30
1867,452,48,2374.0,amarilla,50
1868,452,48,2375.0,amarilla,80
1869,453,19,2376.0,amarilla,36
1870,453,129,687.0,amarilla,39
1871,453,19,749.0,amarilla,53
1872,453,19,2377.0,amarilla,70
1873,454,58,2378.0,amarilla,23
1874,454,58,2379.0,amarilla,26
1875,454,12,738.0,amarilla,81
1876,454,12,2380.0,amarilla,85
1877,454,58,2381.0,amarilla,89
1878,455,119,2382.0,amarilla,16
1879,455,119,2303.0,amarilla,26
1880,455,117,2383.0,amarilla,62
1881,456,14,2384.0,amarilla,5
1882,456,134,694.0,amarilla,72
1883,457,130,2385.0,amarilla,61
1884,457,130,2386.0,amarilla,65
1885,457,130,2387.0,amarilla,78
1886,458,3,2388.0,amarilla,28
1887,458,3,2389.0,amarilla,31
1888,458,121,2390.0,amarilla,36
1889,458,3,697.0,amarilla,61
1890,458,121,2391.0,amarilla,75
1891,459,40,2392.0,amarilla,25
1892,459,5,2393.0,amarilla,40
1893,459,40,2394.0,amarilla,55
1894,460,35,680.0,amarilla,15
1895,460,35,2395.0,amarilla,38
1896,460,35,517.0,amarilla,53
1897,460,1,2396.0,amarilla,70
1898,461,11,719.0,amarilla,54
1899,461,118,702.0,amarilla,73
1900,462,129,2397.0,amarilla,32
1901,462,129,2398.0,amarilla,40
1902,462,129,2399.0,amarilla,47
1903,462,129,2400.0,roja,73
1904,463,19,2401.0,amarilla,24
1905,463,36,2402.0,amarilla,48
1906,464,53,2403.0,roja,21
1907,464,119,2404.0,amarilla,32
1908,464,53,2405.0,amarilla,34
1909,464,119,2382.0,amarilla,68
1910,465,8,2406.0,amarilla,22
1911,465,8,2407.0,amarilla,22
1912,465,8,2364.0,amarilla,32
1913,465,21,2408.0,amarilla,38
1914,465,21,2409.0,amarilla,62
1915,465,8,2406.0,amarilla,82
1916,465,21,2410.0,amarilla,89
1917,466,48,2375.0,amarilla,26
1918,466,117,2411.0,amarilla,45
1919,466,117,562.0,amarilla,57
1920,466,48,2373.0,amarilla,70
1921,467,14,2412.0,amarilla,8
1922,467,14,2097.0,amarilla,37
1923,467,10,2413.0,amarilla,44
1924,467,14,2177.0,roja,63
1925,468,130,2414.0,amarilla,1
1926,468,130,2415.0,amarilla,34
1927,468,134,731.0,amarilla,41
1928,468,130,2414.0,amarilla,49
1929,468,134,2416.0,amarilla,51
1930,468,134,694.0,amarilla,58
1931,469,121,2417.0,amarilla,19
1932,469,12,2314.0,amarilla,20
1933,469,121,698.0,amarilla,39
1934,469,121,2418.0,amarilla,49
1935,469,121,2419.0,amarilla,81
1936,469,121,627.0,amarilla,88
1937,470,58,2420.0,amarilla,34
1938,470,3,2421.0,amarilla,50
1939,470,3,697.0,amarilla,75
1940,470,3,2238.0,amarilla,78
1941,470,58,2378.0,amarilla,83
1942,470,3,2422.0,amarilla,90
1943,471,118,2311.0,amarilla,20
1944,471,118,2423.0,amarilla,53
1945,471,5,717.0,amarilla,54
1946,472,40,2424.0,amarilla,6
1947,472,11,2425.0,amarilla,17
1948,472,11,2243.0,amarilla,26
1949,472,11,2426.0,amarilla,33
1950,472,40,2427.0,amarilla,42
1951,472,40,2428.0,amarilla,59
1952,472,40,2429.0,amarilla,70
1953,472,11,720.0,amarilla,84
1954,473,36,2372.0,amarilla,41
1955,473,36,2430.0,amarilla,48
1956,473,129,687.0,amarilla,62
1957,473,129,639.0,amarilla,73
1958,474,135,705.0,amarilla,39
1959,474,19,721.0,amarilla,58
1960,474,19,749.0,amarilla,62
1961,474,19,2377.0,amarilla,80
1962,474,135,684.0,amarilla,85
1963,475,35,2431.0,amarilla,46
1964,475,35,724.0,amarilla,90
1965,476,1,803.0,amarilla,24
1966,476,1,612.0,amarilla,28
1967,476,1,2396.0,amarilla,44
1968,476,21,2369.0,amarilla,89
1969,477,48,2432.0,amarilla,3
1970,477,48,686.0,amarilla,29
1971,477,119,2433.0,amarilla,36
1972,477,119,2434.0,amarilla,45
1973,477,48,2435.0,amarilla,83
1974,478,117,2411.0,amarilla,25
1975,478,53,2436.0,amarilla,33
1976,478,117,709.0,amarilla,63
1977,478,117,630.0,amarilla,66
1978,479,14,2437.0,amarilla,12
1979,479,14,2438.0,amarilla,44
1980,479,130,529.0,amarilla,57
1981,479,130,2386.0,amarilla,87
1982,479,130,2385.0,amarilla,90
1983,480,10,2230.0,amarilla,23
1984,480,134,745.0,amarilla,83
1985,481,58,732.0,amarilla,12
1986,481,58,2439.0,amarilla,14
1987,481,58,2440.0,amarilla,25
1988,481,58,2441.0,amarilla,28
1989,481,58,2442.0,amarilla,41
1990,481,121,2417.0,amarilla,75
1991,481,121,2443.0,amarilla,79
1992,482,3,2444.0,amarilla,3
1993,482,12,774.0,amarilla,61
1994,482,3,2445.0,amarilla,77
1995,482,12,2446.0,amarilla,80
1996,483,40,2428.0,amarilla,32
1997,483,40,2447.0,amarilla,41
1998,483,118,605.0,amarilla,66
1999,483,118,2448.0,amarilla,70
2000,484,11,718.0,amarilla,7
2001,484,11,2426.0,amarilla,24
2002,484,5,813.0,amarilla,34
2003,484,5,2449.0,amarilla,44
2004,484,11,2450.0,amarilla,45
2005,484,11,2243.0,amarilla,58
2006,484,11,2450.0,amarilla,67
2007,484,11,2451.0,amarilla,74
2008,484,5,15.0,amarilla,81
2009,485,1,2452.0,amarilla,13
2010,485,1,2453.0,amarilla,37
2011,485,12,714.0,amarilla,38
2012,486,35,681.0,amarilla,18
2013,486,35,2431.0,amarilla,19
2014,486,35,2454.0,amarilla,22
2015,486,135,2455.0,amarilla,23
2016,486,135,2456.0,amarilla,69
2017,486,135,2371.0,amarilla,77
2018,486,135,2457.0,amarilla,85
2019,486,35,2458.0,amarilla,87
2020,487,134,691.0,amarilla,16
2021,487,134,2459.0,amarilla,67
2022,487,3,2238.0,amarilla,71
2023,487,134,2460.0,amarilla,74
2024,488,5,813.0,amarilla,33
2025,488,129,2296.0,amarilla,50
2026,488,5,2461.0,amarilla,55
2027,488,5,2185.0,amarilla,56
2028,488,129,2462.0,amarilla,68
2029,488,5,2393.0,amarilla,83
2030,488,129,741.0,amarilla,84
2031,489,121,804.0,amarilla,72
2032,490,10,2463.0,amarilla,8
2033,490,10,2464.0,amarilla,16
2034,490,10,2334.0,roja,43
2035,490,36,2465.0,amarilla,43
2036,490,36,753.0,amarilla,49
2037,490,36,2430.0,amarilla,64
2038,490,36,2466.0,amarilla,80
2039,490,36,2430.0,amarilla,85
2040,491,118,2423.0,amarilla,2
2041,491,53,727.0,amarilla,6
2042,491,53,2270.0,amarilla,29
2043,491,118,603.0,amarilla,41
2044,491,118,605.0,amarilla,53
2045,491,118,2467.0,amarilla,58
2046,491,53,2468.0,amarilla,60
2047,491,53,708.0,amarilla,62
2048,491,53,2469.0,roja,75
2049,491,53,2299.0,amarilla,80
2050,492,11,2470.0,amarilla,12
2051,492,117,2383.0,amarilla,14
2052,492,11,736.0,amarilla,17
2053,492,117,709.0,amarilla,28
2054,492,11,2471.0,amarilla,34
2055,492,11,2470.0,amarilla,50
2056,492,117,709.0,amarilla,57
2057,492,11,2472.0,amarilla,67
2058,492,117,2287.0,amarilla,70
2059,492,117,630.0,amarilla,76
2060,493,35,2395.0,amarilla,3
2061,493,35,724.0,amarilla,19
2062,494,121,743.0,amarilla,40
2063,494,10,2473.0,amarilla,74
2064,494,121,2417.0,amarilla,89
2065,495,1,2452.0,amarilla,14
2066,495,1,2453.0,amarilla,15
2067,495,11,2243.0,amarilla,22
2068,495,1,2320.0,amarilla,49
2069,495,1,612.0,amarilla,50
2070,495,11,718.0,amarilla,82
2071,495,11,2474.0,amarilla,85
2072,495,1,737.0,amarilla,89
2073,496,134,2475.0,amarilla,7
2074,496,129,2296.0,amarilla,21
2075,496,129,2462.0,amarilla,34
2076,496,134,2416.0,amarilla,43
2077,496,134,2416.0,amarilla,101
2078,496,129,2476.0,amarilla,108
2079,497,11,646.0,amarilla,52
2080,497,53,2270.0,amarilla,61
2081,497,11,719.0,amarilla,65
2082,497,53,2436.0,amarilla,80
2083,497,11,2426.0,amarilla,83
2084,498,10,2477.0,amarilla,3
2085,498,134,691.0,amarilla,29
2086,498,134,2459.0,roja,63
2087,498,134,713.0,amarilla,86
2088,499,11,2426.0,amarilla,70
2089,499,134,731.0,amarilla,82
2090,500,10,2463.0,amarilla,4
2091,500,53,2478.0,amarilla,41
2092,500,53,2436.0,amarilla,42
2093,500,10,2019.0,amarilla,87
2094,501,14,2479.0,amarilla,9
2095,501,14,2480.0,amarilla,23
2096,501,5,2353.0,amarilla,27
2097,501,14,2384.0,amarilla,53
2098,501,14,2437.0,roja,61
2099,501,14,2479.0,roja,88
2100,502,130,2481.0,amarilla,11
2101,502,129,746.0,amarilla,44
2102,503,7,640.0,amarilla,6
2103,504,31,2482.0,amarilla,5
2104,504,31,2483.0,amarilla,55
2105,504,31,2484.0,amarilla,70
2106,505,128,802.0,amarilla,30
2107,505,36,2485.0,amarilla,39
2108,505,36,2486.0,amarilla,44
2109,505,36,685.0,roja,52
2110,505,128,2487.0,amarilla,62
2111,506,10,2488.0,amarilla,38
2112,506,10,744.0,amarilla,60
2113,506,134,2489.0,amarilla,83
2114,506,10,2473.0,amarilla,88
2115,507,1,803.0,amarilla,6
2116,508,109,,roja,
2117,508,72,,roja,
2118,508,96,,roja,
2119,509,46,2490.0,amarilla,75
2120,510,21,850.0,amarilla,39
2121,511,29,2491.0,amarilla,55
2122,511,121,761.0,amarilla,58
2123,512,141,2492.0,amarilla,10
2124,512,35,2493.0,amarilla,24
2125,512,35,2494.0,amarilla,68
2126,512,141,844.0,amarilla,80
2127,513,130,2495.0,roja,48
2128,513,130,781.0,amarilla,51
2129,513,5,2496.0,amarilla,55
2130,513,5,717.0,amarilla,57
2131,513,5,9.0,amarilla,70
2132,513,5,764.0,amarilla,73
2133,513,5,779.0,amarilla,77
2134,514,143,633.0,amarilla,85
2135,515,36,2497.0,amarilla,62
2136,515,53,2498.0,amarilla,68
2137,516,14,2499.0,amarilla,20
2138,516,129,2500.0,amarilla,44
2139,516,14,2501.0,amarilla,68
2140,517,7,2502.0,amarilla,22
2141,517,128,2503.0,amarilla,52
2142,517,128,802.0,amarilla,62
2143,517,7,2504.0,amarilla,71
2144,517,7,2232.0,amarilla,85
2145,518,31,2483.0,amarilla,26
2146,518,1,803.0,amarilla,30
2147,518,31,2505.0,amarilla,30
2148,519,22,2506.0,amarilla,16
2149,519,22,2507.0,amarilla,59
2150,519,10,2464.0,amarilla,88
2151,519,10,2488.0,amarilla,90
2152,520,134,2459.0,amarilla,59
2153,520,32,2508.0,amarilla,68
2154,521,82,,roja,
2155,521,87,,roja,
2156,521,97,,roja,
2157,522,48,2509.0,amarilla,51
2158,522,29,2510.0,amarilla,72
2159,523,12,2511.0,amarilla,35
2160,523,141,2512.0,amarilla,40
2161,523,12,2511.0,amarilla,42
2162,524,21,2513.0,amarilla,28
2163,524,21,2514.0,amarilla,51
2164,524,21,778.0,amarilla,68
2165,525,129,746.0,amarilla,4
2166,525,129,688.0,amarilla,8
2167,525,129,2398.0,amarilla,32
2168,525,5,2496.0,amarilla,73
2169,525,5,2515.0,amarilla,86
2170,526,14,2437.0,amarilla,61
2171,526,14,729.0,amarilla,66
2172,526,130,780.0,amarilla,75
2173,527,19,2376.0,amarilla,15
2174,527,19,2516.0,amarilla,30
2175,527,19,2377.0,amarilla,38
2176,527,1,2517.0,amarilla,63
2177,528,143,2518.0,amarilla,20
2178,528,31,2519.0,amarilla,36
2179,528,143,2520.0,amarilla,66
2180,528,31,2519.0,amarilla,76
2181,528,143,787.0,amarilla,76
2182,529,128,2521.0,amarilla,26
2183,529,128,750.0,amarilla,29
2184,529,53,596.0,amarilla,44
2185,529,53,2522.0,amarilla,70
2186,530,7,2504.0,amarilla,21
2187,530,36,753.0,amarilla,26
2188,530,36,2497.0,amarilla,28
2189,530,7,2502.0,amarilla,31
2190,530,36,791.0,amarilla,42
2191,530,7,2523.0,amarilla,50
2192,530,36,2524.0,amarilla,58
2193,530,7,2525.0,amarilla,84
2194,530,7,2526.0,amarilla,90
2195,530,7,2527.0,roja,90
2196,531,32,771.0,amarilla,5
2197,531,32,2528.0,amarilla,8
2198,532,134,772.0,amarilla,18
2199,532,22,2507.0,amarilla,28
2200,532,22,2529.0,amarilla,53
2201,532,134,2416.0,amarilla,74
2202,533,66,,roja,
2203,533,101,,roja,
2204,533,105,,roja,
2205,533,111,,roja,
2206,534,21,2530.0,amarilla,22
2207,534,141,2531.0,amarilla,23
2208,534,141,2532.0,amarilla,44
2209,534,21,2533.0,amarilla,62
2210,534,21,2514.0,roja,70
2211,535,29,762.0,amarilla,36
2212,535,29,2534.0,amarilla,48
2213,535,46,869.0,amarilla,88
2214,536,121,2419.0,amarilla,43
2215,537,14,2437.0,amarilla,44
2216,537,14,2480.0,amarilla,46
2217,537,14,2384.0,amarilla,68
2218,537,19,2535.0,amarilla,72
2219,537,19,2516.0,amarilla,73
2220,537,14,2499.0,amarilla,117
2221,538,22,801.0,amarilla,5
2222,538,128,752.0,amarilla,53
2223,538,128,2536.0,amarilla,56
2224,538,128,2537.0,amarilla,67
2225,538,22,2529.0,amarilla,75
2226,539,5,779.0,amarilla,27
2227,539,5,2538.0,amarilla,28
2228,539,10,2539.0,amarilla,40
2229,539,10,2540.0,amarilla,50
2230,539,10,2541.0,roja,85
2231,539,5,2542.0,amarilla,87
2232,540,121,2419.0,amarilla,20
2233,540,1,737.0,amarilla,21
2234,540,121,2419.0,roja,22
2235,540,1,737.0,roja,22
2236,540,121,2417.0,amarilla,32
2237,540,121,2543.0,amarilla,72
2238,540,1,23.0,amarilla,77
2239,541,48,710.0,amarilla,21
2240,541,48,2544.0,amarilla,107
2241,541,129,688.0,amarilla,112
2242,541,129,2545.0,amarilla,116
2243,542,141,2546.0,amarilla,15
2244,542,141,2547.0,amarilla,25
2245,542,141,2492.0,amarilla,34
2246,542,53,2522.0,amarilla,36
2247,542,141,2548.0,amarilla,61
2248,543,143,2549.0,amarilla,7
2249,543,143,2550.0,amarilla,59
2250,543,35,1375.0,amarilla,92
2251,543,143,2551.0,amarilla,98
2252,543,35,2552.0,amarilla,110
2253,544,46,2553.0,amarilla,87
2254,545,5,2496.0,amarilla,21
2255,545,143,2520.0,amarilla,24
2256,545,143,2520.0,roja,31
2257,545,5,2554.0,amarilla,42
2258,545,5,763.0,amarilla,61
2259,545,5,2555.0,amarilla,110
2260,546,53,2556.0,amarilla,35
2261,546,48,2557.0,amarilla,42
2262,547,128,2503.0,amarilla,11
2263,547,128,751.0,amarilla,14
2264,547,1,612.0,amarilla,28
2265,547,128,2537.0,amarilla,38
2266,547,128,2503.0,roja,70
2267,547,128,2558.0,amarilla,88
2268,548,14,2479.0,amarilla,28
2269,548,46,2559.0,amarilla,70
2270,548,14,2501.0,amarilla,105
2271,548,14,729.0,amarilla,119
2272,549,53,765.0,amarilla,22
2273,549,5,2538.0,amarilla,30
2274,549,5,813.0,amarilla,70
2275,549,5,2554.0,amarilla,76
2276,549,5,717.0,amarilla,82
2277,549,5,2538.0,amarilla,103
2278,549,5,2515.0,amarilla,120
2279,550,46,2560.0,amarilla,65
2280,550,46,2553.0,amarilla,98
2281,550,1,803.0,amarilla,110
2282,551,90,,roja,
2283,551,113,,roja,
2284,551,95,,roja,
2285,552,5,2561.0,amarilla,5
2286,552,1,737.0,amarilla,52
2287,552,5,779.0,roja,65
2288,552,5,763.0,amarilla,84
2289,552,5,9.0,amarilla,87
2290,552,5,2561.0,roja,87
2291,553,53,2350.0,amarilla,48
2292,553,11,2562.0,amarilla,51
2293,553,53,945.0,amarilla,64
2294,554,35,2563.0,amarilla,4
2295,554,10,744.0,amarilla,82
2296,555,78,,roja,
2297,555,104,,roja,
2298,555,93,,roja,
2299,556,21,852.0,amarilla,44
2300,556,21,814.0,amarilla,50
2301,557,92,,roja,
2302,557,95,,roja,
2303,557,61,,roja,
2304,557,85,,roja,
2305,558,58,2564.0,amarilla,33
2306,559,117,35.0,amarilla,23
2307,559,12,2565.0,amarilla,56
2308,559,117,2566.0,amarilla,83
2309,560,46,2567.0,amarilla,17
2310,560,46,2568.0,amarilla,78
2311,560,126,2569.0,amarilla,88
2312,561,4,2570.0,amarilla,36
2313,561,49,2571.0,amarilla,58
2314,561,49,2572.0,amarilla,78
2315,561,49,824.0,amarilla,79
2316,562,27,2573.0,amarilla,84
2317,563,141,2574.0,amarilla,28
2318,563,141,2575.0,amarilla,62
2319,564,47,2576.0,amarilla,29
2320,564,123,2577.0,amarilla,45
2321,565,130,830.0,amarilla,30
2322,565,130,817.0,amarilla,33
2323,565,37,831.0,amarilla,40
2324,565,37,873.0,amarilla,43
2325,566,21,2368.0,amarilla,31
2326,566,11,2578.0,amarilla,49
2327,566,21,2579.0,amarilla,60
2328,567,53,2350.0,amarilla,54
2329,567,5,2538.0,amarilla,58
2330,567,5,2580.0,amarilla,65
2331,568,15,2581.0,amarilla,52
2332,568,15,2582.0,amarilla,83
2333,568,15,2581.0,roja,85
2334,569,59,,roja,
2335,569,82,,roja,
2336,569,91,,roja,
2337,569,103,,roja,
2338,570,46,2583.0,amarilla,40
2339,570,46,2583.0,roja,42
2340,570,58,2584.0,amarilla,50
2341,570,46,2585.0,amarilla,68
2342,570,58,856.0,amarilla,76
2343,571,123,2586.0,amarilla,5
2344,571,117,864.0,amarilla,26
2345,571,123,2577.0,amarilla,30
2346,571,117,35.0,amarilla,75
2347,571,117,2587.0,amarilla,80
2348,572,125,2588.0,amarilla,46
2349,572,125,2589.0,amarilla,89
2350,573,35,2590.0,amarilla,50
2351,573,49,947.0,amarilla,85
2352,574,47,2591.0,amarilla,1
2353,574,12,840.0,amarilla,16
2354,574,47,2592.0,amarilla,20
2355,574,47,2593.0,amarilla,29
2356,574,47,2594.0,amarilla,42
2357,574,47,2576.0,amarilla,48
2358,574,47,2591.0,amarilla,52
2359,574,47,2595.0,amarilla,65
2360,575,32,883.0,amarilla,30
2361,575,32,2596.0,amarilla,44
2362,575,32,2597.0,amarilla,74
2363,576,27,2598.0,amarilla,7
2364,576,141,2599.0,amarilla,13
2365,576,141,2599.0,roja,19
2366,576,141,2600.0,amarilla,35
2367,577,80,,roja,
2368,577,85,,roja,
2369,577,87,,roja,
2370,577,92,,roja,
2371,578,37,2601.0,amarilla,41
2372,578,37,849.0,amarilla,69
2373,579,21,2368.0,amarilla,17
2374,579,53,2602.0,amarilla,31
2375,579,21,2603.0,amarilla,35
2376,579,53,2604.0,amarilla,65
2377,579,53,2605.0,amarilla,70
2378,579,21,2579.0,amarilla,71
2379,580,5,2606.0,amarilla,25
2380,581,123,829.0,amarilla,55
2381,581,12,775.0,amarilla,55
2382,582,46,2567.0,amarilla,52
2383,583,126,2607.0,amarilla,64
2384,584,47,2608.0,amarilla,30
2385,584,47,2609.0,amarilla,73
2386,585,49,2610.0,amarilla,12
2387,586,4,891.0,amarilla,33
2388,586,35,681.0,amarilla,89
2389,587,27,2611.0,amarilla,36
2390,587,1,2612.0,amarilla,48
2391,587,1,2613.0,amarilla,51
2392,587,27,2611.0,roja,88
2393,588,141,2614.0,roja,1
2394,588,141,2615.0,amarilla,32
2395,588,32,905.0,amarilla,48
2396,588,32,2616.0,amarilla,62
2397,588,141,2574.0,amarilla,72
2398,588,141,2547.0,amarilla,87
2399,589,12,2617.0,amarilla,65
2400,590,11,2618.0,amarilla,58
2401,591,125,2589.0,amarilla,13
2402,591,125,930.0,amarilla,30
2403,591,125,837.0,amarilla,32
2404,591,10,755.0,amarilla,36
2405,591,10,866.0,amarilla,83
2406,592,5,2580.0,amarilla,30
2407,592,141,844.0,amarilla,35
2408,592,5,874.0,amarilla,49
2409,592,141,2619.0,amarilla,58
2410,592,141,2620.0,amarilla,68
2411,592,5,2621.0,amarilla,83
2412,592,141,2600.0,amarilla,85
2413,593,58,2622.0,amarilla,29
2414,593,58,2584.0,amarilla,65
2415,594,53,2623.0,amarilla,16
2416,594,37,2601.0,amarilla,40
2417,594,53,2624.0,amarilla,67
2418,595,27,2625.0,amarilla,26
2419,595,35,681.0,amarilla,27
2420,595,35,2626.0,amarilla,32
2421,595,35,777.0,amarilla,60
2422,596,46,2627.0,amarilla,37
2423,596,123,1998.0,amarilla,60
2424,596,46,2628.0,amarilla,67
2425,597,117,2629.0,amarilla,20
2426,597,117,821.0,amarilla,27
2427,597,1,828.0,amarilla,27
2428,597,1,2630.0,amarilla,56
2429,597,1,2517.0,roja,65
2430,597,117,2631.0,amarilla,75
2431,597,117,865.0,amarilla,83
2432,597,1,23.0,amarilla,86
2433,597,117,35.0,amarilla,94
2434,597,117,2629.0,roja,100
2435,598,94,,roja,
2436,598,114,,roja,
2437,598,107,,roja,
2438,598,116,,roja,
2439,599,12,863.0,amarilla,24
2440,599,35,2632.0,amarilla,39
2441,599,35,860.0,amarilla,44
2442,599,12,738.0,amarilla,115
2443,600,46,2567.0,amarilla,9
2444,600,5,2515.0,amarilla,60
2445,601,12,855.0,amarilla,27
2446,601,5,812.0,amarilla,33
2447,602,1,2633.0,amarilla,59
2448,602,37,831.0,amarilla,89
2449,603,12,2634.0,amarilla,63
2450,604,5,9.0,amarilla,17
2451,604,1,23.0,amarilla,21
2452,604,1,2635.0,amarilla,62
2453,604,5,2554.0,amarilla,77
2454,604,5,2636.0,amarilla,81
2455,604,5,2621.0,amarilla,85
2456,605,12,2637.0,amarilla,50
2457,605,5,901.0,amarilla,55
2458,606,72,,roja,
2459,606,97,,roja,
2460,606,111,,roja,
2461,607,53,2638.0,amarilla,1
2462,607,125,930.0,amarilla,10
2463,607,53,2604.0,amarilla,47
2464,608,14,2501.0,amarilla,80
2465,609,77,,roja,
2466,609,106,,roja,
2467,609,89,,roja,
2468,609,100,,roja,
2469,610,43,886.0,amarilla,32
2470,610,43,884.0,amarilla,
2471,611,1,943.0,amarilla,57
2472,611,4,891.0,amarilla,83
2473,612,72,,roja,
2474,612,92,,roja,
2475,613,46,2568.0,amarilla,34
2476,614,84,,roja,
2477,614,91,,roja,
2478,614,80,,roja,
2479,615,49,824.0,amarilla,
2480,616,7,2639.0,amarilla,12
2481,616,17,2640.0,amarilla,29
2482,616,7,2641.0,amarilla,66
2483,617,64,,roja,
2484,617,75,,roja,
2485,617,71,,roja,
2486,617,84,,roja,
2487,618,53,944.0,amarilla,52
2488,618,124,2642.0,amarilla,76
2489,619,103,,roja,
2490,619,88,,roja,
2491,619,91,,roja,
2492,620,125,2643.0,amarilla,34
2493,620,14,2644.0,amarilla,40
2494,620,14,729.0,amarilla,80
2495,621,30,2645.0,amarilla,17
2496,621,30,2646.0,amarilla,74
2497,622,72,,roja,
2498,622,102,,roja,
2499,623,143,2647.0,amarilla,35
2500,623,143,2648.0,amarilla,78
2501,623,35,952.0,amarilla,80
2502,623,35,2649.0,amarilla,87
2503,624,128,2650.0,amarilla,40
2504,625,17,2651.0,amarilla,11
2505,625,17,2652.0,amarilla,29
2506,626,81,,roja,
2507,626,89,,roja,
2508,626,101,,roja,
2509,627,57,2653.0,amarilla,30
2510,627,37,873.0,amarilla,68
2511,627,57,2654.0,amarilla,85
2512,628,4,2570.0,amarilla,67
2513,629,32,926.0,amarilla,5
2514,630,12,2634.0,amarilla,65
2515,630,12,2655.0,amarilla,79
2516,631,124,989.0,amarilla,31
2517,632,14,2656.0,amarilla,36
2518,632,53,2657.0,amarilla,36
2519,633,30,2645.0,amarilla,20
2520,633,30,888.0,amarilla,26
2521,633,5,2658.0,amarilla,31
2522,633,5,2659.0,amarilla,44
2523,633,30,2660.0,amarilla,45
2524,634,98,,roja,
2525,634,101,,roja,
2526,635,143,2661.0,amarilla,81
2527,635,42,2662.0,amarilla,85
2528,635,42,2663.0,roja,89
2529,636,37,873.0,amarilla,47
2530,636,128,898.0,amarilla,75
2531,636,128,2664.0,roja,87
2532,637,17,942.0,amarilla,
2533,638,35,487.0,amarilla,20
2534,638,49,947.0,amarilla,41
2535,638,49,2572.0,amarilla,42
2536,638,49,2610.0,roja,62
2537,639,7,900.0,amarilla,32
2538,639,7,949.0,amarilla,32
2539,640,46,897.0,amarilla,43
2540,640,57,2665.0,amarilla,44
2541,641,7,996.0,amarilla,60
2542,642,125,837.0,amarilla,48
2543,643,1,2666.0,amarilla,68
2544,644,53,2667.0,amarilla,1
2545,644,53,954.0,amarilla,15
2546,644,5,32.0,amarilla,32
2547,644,5,9.0,amarilla,35
2548,644,5,902.0,amarilla,39
2549,644,5,2659.0,roja,84
2550,645,130,2495.0,amarilla,
2551,646,7,2668.0,amarilla,86
2552,647,5,936.0,amarilla,33
2553,647,10,2669.0,amarilla,77
2554,647,5,9.0,roja,85
2555,647,10,907.0,amarilla,85
2556,648,35,2670.0,amarilla,9
2557,648,35,2626.0,amarilla,83
2558,648,35,2671.0,amarilla,84
2559,648,1,2635.0,amarilla,84
2560,648,1,951.0,amarilla,
2561,649,37,848.0,amarilla,57
2562,649,49,947.0,amarilla,59
2563,650,125,931.0,amarilla,65
2564,650,130,2672.0,amarilla,87
2565,650,125,930.0,amarilla,88
2566,650,130,910.0,amarilla,90
2567,650,130,924.0,amarilla,
2568,651,53,2667.0,amarilla,13
2569,651,53,2673.0,amarilla,78
2570,652,46,2583.0,amarilla,15
2571,653,37,953.0,amarilla,35
2572,653,37,872.0,amarilla,40
2573,653,1,2674.0,amarilla,46
2574,654,125,958.0,amarilla,43
2575,654,125,2675.0,amarilla,51
2576,654,53,2676.0,amarilla,57
2577,654,125,837.0,amarilla,57
2578,655,125,931.0,amarilla,62
2579,655,125,2588.0,amarilla,71
2580,655,37,896.0,amarilla,79
2581,656,53,903.0,amarilla,31
2582,656,1,2677.0,amarilla,61
2583,656,53,2673.0,amarilla,73
2584,656,1,2666.0,amarilla,73
2585,656,1,784.0,amarilla,88
2586,657,102,,roja,
2587,657,107,,roja,
2588,658,104,,roja,
2589,658,111,,roja,
2590,658,90,,roja,
2591,659,53,944.0,amarilla,35
2592,659,37,868.0,amarilla,60
2593,659,37,2678.0,amarilla,
2594,660,43,884.0,amarilla,21
2595,660,43,2679.0,amarilla,48
2596,660,5,936.0,amarilla,77
2597,660,43,2679.0,roja,88
2598,660,43,884.0,roja,89
2599,661,50,2680.0,amarilla,
2600,662,90,,roja,
2601,662,103,,roja,
2602,662,72,,roja,
2603,662,83,,roja,
2604,663,124,989.0,amarilla,19
2605,664,10,261.0,amarilla,
2606,665,1,1049.0,amarilla,
2607,665,117,962.0,amarilla,
2608,666,37,919.0,amarilla,88
2609,667,83,,roja,
2610,667,99,,roja,
2611,668,43,986.0,amarilla,26
2612,668,43,2681.0,amarilla,64
2613,669,121,1001.0,amarilla,25
2614,669,124,2682.0,amarilla,
2615,670,35,2683.0,amarilla,
2616,671,50,2680.0,amarilla,
2617,672,94,,roja,
2618,672,68,,roja,
2619,672,83,,roja,
2620,673,53,980.0,amarilla,60
2621,674,1,977.0,amarilla,
2622,674,139,2684.0,amarilla,
2623,675,72,,roja,
2624,675,98,,roja,
2625,675,96,,roja,
2626,676,99,,roja,
2627,676,107,,roja,
2628,676,72,,roja,
2629,677,50,2685.0,amarilla,60
2630,678,134,2686.0,amarilla,37
2631,679,32,992.0,amarilla,
2632,680,94,,roja,
2633,680,107,,roja,
2634,680,84,,roja,
2635,681,83,,roja,
2636,681,89,,roja,
2637,682,77,,roja,
2638,682,91,,roja,
2639,682,72,,roja,
2640,683,124,989.0,amarilla,75
2641,683,10,994.0,amarilla,80
2642,684,125,2687.0,amarilla,75
2643,684,5,2659.0,amarilla,80
2644,685,10,2688.0,amarilla,45
2645,685,5,2689.0,amarilla,48
2646,685,10,866.0,amarilla,67
2647,685,10,906.0,amarilla,74
2648,686,124,2690.0,amarilla,89
2649,686,125,1030.0,amarilla,
2650,686,124,2691.0,amarilla,
2651,686,125,930.0,amarilla,
2652,687,121,997.0,amarilla,6
2653,687,121,1009.0,amarilla,88
2654,687,121,1009.0,roja,88
2655,687,1,2692.0,amarilla,
2656,688,72,,roja,
2657,688,95,,roja,
2658,688,86,,roja,
2659,689,124,2693.0,amarilla,36
2660,689,124,989.0,amarilla,48
2661,690,121,993.0,amarilla,35
2662,690,53,980.0,amarilla,40
2663,690,121,1000.0,amarilla,50
2664,690,53,945.0,amarilla,65
2665,690,53,944.0,amarilla,70
2666,691,10,2694.0,amarilla,50
2667,691,10,2695.0,amarilla,53
2668,692,7,2696.0,amarilla,
2669,692,1,999.0,amarilla,
2670,692,7,2697.0,amarilla,
2671,693,10,1005.0,amarilla,35
2672,693,10,2698.0,amarilla,44
2673,693,53,2667.0,amarilla,72
2674,694,121,1047.0,amarilla,15
2675,694,5,902.0,amarilla,40
2676,694,5,2699.0,amarilla,93
2677,694,121,2700.0,amarilla,94
2678,694,121,1041.0,amarilla,96
2679,695,143,1025.0,amarilla,17
2680,695,143,2701.0,amarilla,49
2681,696,17,2702.0,amarilla,12
2682,696,17,2703.0,amarilla,48
2683,696,17,2704.0,amarilla,59
2684,696,17,2703.0,roja,67
2685,697,1,2705.0,amarilla,
2686,697,1,2706.0,amarilla,
2687,697,1,2707.0,amarilla,
2688,698,144,2708.0,amarilla,40
2689,698,32,2709.0,amarilla,99
2690,699,96,,roja,
2691,699,98,,roja,
2692,700,5,1014.0,amarilla,
2693,700,5,2710.0,amarilla,
2694,701,41,2711.0,amarilla,
2695,702,141,2712.0,amarilla,25
2696,702,141,2713.0,amarilla,50
2697,702,141,2714.0,amarilla,65
2698,702,141,2715.0,roja,69
2699,703,10,1034.0,amarilla,35
2700,703,10,2716.0,amarilla,
2701,703,10,2717.0,amarilla,
2702,704,6,2718.0,amarilla,56
2703,705,144,2719.0,roja,23
2704,705,143,2720.0,amarilla,
2705,706,17,2721.0,amarilla,56
2706,706,17,2722.0,amarilla,60
2707,706,1,2707.0,amarilla,65
2708,707,121,993.0,amarilla,16
2709,707,134,2723.0,amarilla,36
2710,707,134,2724.0,amarilla,68
2711,707,134,2725.0,amarilla,74
2712,707,134,1079.0,amarilla,86
2713,708,53,980.0,amarilla,48
2714,708,5,1014.0,amarilla,54
2715,709,41,2711.0,amarilla,
2716,710,11,2726.0,amarilla,9
2717,710,141,1091.0,amarilla,44
2718,711,10,2727.0,amarilla,77
2719,711,144,2728.0,amarilla,78
2720,712,1,1036.0,amarilla,27
2721,712,1,2729.0,amarilla,81
2722,712,1,2730.0,amarilla,84
2723,713,6,2731.0,amarilla,37
2724,713,6,2731.0,amarilla,83
2725,714,143,1025.0,amarilla,24
2726,714,143,1023.0,amarilla,55
2727,714,32,923.0,amarilla,60
2728,714,32,2732.0,amarilla,70
2729,714,143,1020.0,amarilla,70
2730,715,125,2733.0,amarilla,25
2731,715,53,1095.0,amarilla,71
2732,715,125,2734.0,amarilla,84
2733,716,5,1014.0,amarilla,26
2734,716,5,1013.0,amarilla,60
2735,716,41,2735.0,amarilla,60
2736,717,121,2736.0,amarilla,5
2737,717,121,2737.0,amarilla,22
2738,717,121,1046.0,amarilla,29
2739,717,11,2738.0,amarilla,67
2740,718,141,2739.0,amarilla,
2741,719,125,957.0,amarilla,44
2742,719,125,1030.0,amarilla,
2743,720,1,1018.0,amarilla,16
2744,720,1,2740.0,amarilla,35
2745,720,143,2741.0,amarilla,36
2746,720,143,2720.0,amarilla,61
2747,721,121,1041.0,amarilla,22
2748,721,5,2710.0,amarilla,35
2749,721,121,2700.0,amarilla,58
2750,722,1,2742.0,amarilla,11
2751,722,10,1033.0,amarilla,27
2752,722,10,2743.0,amarilla,28
2753,722,10,998.0,amarilla,75
2754,722,1,1011.0,amarilla,84
2755,723,78,,roja,
2756,723,87,,roja,
2757,724,5,1003.0,amarilla,72
2758,725,80,,roja,
2759,725,103,,roja,
2760,725,62,,roja,
2761,725,104,,roja,
2762,726,134,1079.0,amarilla,45
2763,727,143,1023.0,amarilla,
2764,727,143,1037.0,amarilla,
2765,728,1,1036.0,amarilla,23
2766,728,5,2744.0,amarilla,68
2767,729,103,,roja,
2768,730,10,2745.0,amarilla,29
2769,730,10,2746.0,amarilla,37
2770,730,10,2717.0,amarilla,44
2771,730,121,993.0,amarilla,69
2772,730,10,2745.0,roja,84
2773,730,121,2700.0,amarilla,
2774,731,125,2733.0,amarilla,71
2775,731,10,1033.0,amarilla,76
2776,732,1,2740.0,amarilla,3
2777,732,121,2737.0,amarilla,22
2778,732,121,1041.0,amarilla,39
2779,732,121,1046.0,amarilla,45
2780,733,130,1069.0,amarilla,30
2781,733,130,2747.0,amarilla,34
2782,733,130,2748.0,amarilla,
2783,733,130,2749.0,amarilla,
2784,733,117,1084.0,amarilla,
2785,734,75,,roja,
2786,734,98,,roja,
2787,734,96,,roja,
2788,735,60,,roja,
2789,735,72,,roja,
2790,735,80,,roja,
2791,736,65,,roja,
2792,736,75,,roja,
2793,736,82,,roja,
2794,736,96,,roja,
2795,737,134,2750.0,amarilla,
2796,738,72,,roja,
2797,738,100,,roja,
2798,738,79,,roja,
2799,738,95,,roja,
2800,739,102,,roja,
2801,739,90,,roja,
2802,739,103,,roja,
2803,740,10,1092.0,amarilla,1
2804,740,128,2751.0,amarilla,1
2805,740,10,1098.0,amarilla,31
2806,741,79,,roja,
2807,741,99,,roja,
2808,741,89,,roja,
2809,741,104,,roja,
2810,742,129,2752.0,amarilla,
2811,742,128,2753.0,amarilla,
2812,743,67,,roja,
2813,743,96,,roja,
2814,744,141,1116.0,amarilla,
2815,745,52,2754.0,amarilla,38
2816,745,134,2724.0,amarilla,72
2817,745,52,2755.0,amarilla,89
2818,746,30,2756.0,amarilla,
2819,746,30,2757.0,amarilla,
2820,746,30,2758.0,amarilla,
2821,746,30,2759.0,amarilla,
2822,747,81,,roja,
2823,747,95,,roja,
2824,747,72,,roja,
2825,748,46,2760.0,amarilla,30
2826,749,130,1070.0,amarilla,
2827,750,81,,roja,
2828,750,107,,roja,
2829,750,84,,roja,
2830,751,72,,roja,
2831,751,98,,roja,
2832,751,79,,roja,
2833,751,95,,roja,
2834,752,129,2761.0,amarilla,44
2835,752,129,2762.0,amarilla,78
2836,753,69,,roja,
2837,753,74,,roja,
2838,753,72,,roja,
2839,753,97,,roja,
2840,754,128,2763.0,amarilla,
2841,755,117,1073.0,amarilla,
2842,755,12,2764.0,amarilla,
2843,755,117,1084.0,amarilla,
2844,755,12,2765.0,amarilla,
2845,756,52,2755.0,amarilla,62
2846,756,52,2766.0,amarilla,67
2847,756,53,1095.0,amarilla,90
2848,757,46,2760.0,amarilla,
2849,757,1,38.0,amarilla,
2850,758,53,1016.0,amarilla,
2851,759,130,1068.0,amarilla,
2852,760,90,,roja,
2853,760,103,,roja,
2854,760,78,,roja,
2855,760,84,,roja,
2856,761,141,1055.0,amarilla,5
2857,761,141,2767.0,amarilla,18
2858,761,141,1054.0,amarilla,37
2859,761,10,1099.0,amarilla,
2860,762,1,38.0,amarilla,
2861,762,53,2768.0,amarilla,
2862,762,53,2769.0,amarilla,
2863,762,1,1018.0,amarilla,
2864,762,53,1059.0,amarilla,
2865,763,141,2715.0,amarilla,
2866,763,141,2770.0,amarilla,
2867,763,1,2771.0,amarilla,
2868,763,141,2767.0,amarilla,
2869,763,1,2772.0,amarilla,
2870,764,53,1097.0,amarilla,1
2871,764,10,1034.0,amarilla,1
2872,767,130,2773.0,amarilla,
2873,768,11,2774.0,amarilla,
2874,768,11,1081.0,amarilla,
2875,768,10,2119.0,amarilla,
2876,776,17,1122.0,amarilla,
2877,777,11,1056.0,amarilla,
2878,777,126,21.0,amarilla,
2879,778,5,2775.0,roja,65
2880,778,1,1087.0,amarilla,
2881,779,130,2776.0,amarilla,
2882,785,46,2777.0,amarilla,
2883,786,1,1018.0,amarilla,
2884,786,35,2778.0,amarilla,
2885,789,126,2779.0,amarilla,
2886,790,5,2780.0,roja,35
2887,790,5,2780.0,amarilla,
2888,790,5,2781.0,amarilla,
2889,790,5,1112.0,amarilla,
2890,791,141,2782.0,roja,49
2891,791,141,2783.0,roja,54
2892,791,141,2783.0,amarilla,
2893,791,1,1139.0,amarilla,
2894,793,130,1125.0,roja,44
2895,793,1,1087.0,amarilla,
2896,793,130,2784.0,amarilla,
2897,796,46,1086.0,amarilla,
