cambio_id,partido_id,seleccion_id,jugador_sale_id,jugador_entra_id,minuto
1,1,16,2747,2748,72
2,1,16,1347,75,72
3,1,28,2765,2769,68
4,1,28,16,2768,77
5,1,28,2767,2771,90
6,1,28,102,2770,90
7,2,46,42,45,70
8,2,46,234,2639,70
9,2,46,2786,104,70
10,2,46,43,46,70
11,2,46,18,2787,75
12,2,50,2796,2802,20
13,2,50,71,1437,46
14,2,50,1351,2805,46
15,2,50,2800,2803,46
16,2,50,2799,2804,63
17,2,50,2801,2806,77
18,3,125,2814,1391,62
19,3,125,73,76,69
20,3,125,2813,2816,73
21,3,125,2815,2817,73
22,3,115,2828,127,62
23,3,115,1481,48,79
24,3,115,1478,1469,79
25,3,115,47,2829,90+4
26,4,36,1357,2842,66
27,4,36,2839,1360,74
28,4,36,2840,129,74
29,4,36,1356,2841,74
30,4,36,49,2843,88
31,4,38,1433,2862,46
32,4,38,2854,2861,79
33,4,38,2858,2860,90+3
34,4,38,2857,2859,90+5
35,5,5,2875,111,59
36,5,5,1476,1477,59
37,5,5,1479,80,59
38,5,5,1581,1448,71
39,5,3,197,1364,45+4
40,5,3,51,2886,78
41,5,3,1364,1400,89
42,5,3,2885,2888,89
43,5,3,2883,2887,90+9
44,6,27,2899,2903,45+1
45,6,27,1716,1367,65
46,6,27,2902,1401,65
47,6,27,2900,2904,65
48,6,133,2921,2923,67
49,6,133,2920,1368,80
50,6,133,2919,2922,80
51,6,133,1394,1396,88
52,6,133,2917,1442,88
53,7,111,1406,2934,71
54,7,111,108,21,71
55,7,111,2933,2935,84
56,7,119,2948,2949,46
57,7,119,2947,1371,71
58,7,119,78,1399,87
59,8,37,2963,145,13
60,8,37,1487,2631,77
61,8,37,144,2965,77
62,8,37,220,1402,89
63,8,37,11,1494,89
64,8,6,77,2981,56
65,8,6,53,2980,73
66,8,6,2977,2979,73
67,8,6,1372,2978,85
68,8,6,2974,1440,85
69,9,58,2993,2995,60
70,9,58,1491,2997,65
71,9,58,1492,1413,81
72,9,58,113,2996,81
73,9,24,2620,2622,46
74,9,24,85,86,71
75,9,24,1471,87,79
76,9,24,134,149,90
77,10,1,55,1418,67
78,10,1,15,3019,67
79,10,1,3018,282,79
80,10,1,119,88,79
81,10,1,116,3020,90
82,10,55,3032,3035,46
83,10,55,133,57,57
84,10,55,1789,2621,57
85,10,55,115,56,71
86,10,55,3031,2619,75
87,11,35,3045,62,57
88,11,35,60,63,57
89,11,35,28,2633,64
90,11,35,37,3046,64
91,11,35,59,3047,69
92,11,22,3058,209,46
93,11,22,3059,276,61
94,11,22,1408,3062,61
95,11,22,1410,3061,72
96,11,22,3057,3060,82
97,12,12,1573,1377,46
98,12,12,1376,238,46
99,12,12,184,3073,62
100,12,12,64,3074,78
101,12,15,1451,3091,58
102,12,15,3087,3089,58
103,12,15,3085,1453,74
104,12,15,3086,1452,81
105,12,15,1414,3090,81
106,13,129,124,3106,72
107,13,129,3104,3105,72
108,13,129,65,262,72
109,13,129,1462,1427,81
110,13,129,3103,1474,90
111,13,14,3118,3121,68
112,13,14,94,93,74
113,13,14,3119,3122,74
114,13,14,3120,3123,81
115,14,135,175,36,64
116,14,135,1430,3138,79
117,14,135,3134,3139,79
118,14,135,3136,3137,88
119,14,21,1568,3155,74
120,14,21,3153,1460,74
121,14,21,3154,97,74
122,15,120,3168,3171,56
123,15,120,1429,68,77
124,15,120,2,138,88
125,15,120,3169,3170,88
126,15,120,67,3172,88
127,15,39,1382,1426,66
128,15,39,66,1665,77
129,15,39,96,69,77
130,15,39,3184,3185,90+2
131,15,39,3182,3186,90+2
132,16,10,136,294,75
133,16,10,135,2628,75
134,16,10,12,3200,79
135,16,10,70,3199,79
136,16,10,3198,3201,87
137,16,126,3211,3216,57
138,16,126,1385,3215,57
139,16,126,3210,125,66
140,16,126,1386,3214,66
141,16,126,92,3213,83
142,17,38,2858,1433,57
143,17,38,2856,2861,57
144,17,38,2857,2869,77
145,17,38,1434,2863,87
146,17,50,2806,1501,68
147,17,50,2801,71,77
148,17,50,2805,1351,77
149,17,50,2798,2804,77
150,17,50,2803,2800,83
151,18,16,1348,2746,69
152,18,16,2747,75,74
153,18,16,2742,2748,83
154,18,16,1390,2751,83
155,18,125,2815,1392,64
156,18,125,101,2826,74
157,18,125,74,76,74
158,18,125,1391,2812,78
159,18,125,1354,2824,78
160,19,115,1481,127,46
161,19,115,48,1478,69
162,19,115,1469,2829,79
163,19,115,47,142,79
164,19,28,2767,2769,74
165,19,28,2766,2765,90
166,19,28,16,2771,90
167,20,46,43,46,68
168,20,46,41,132,68
169,20,46,42,45,77
170,20,36,1356,2847,77
171,20,36,1357,2842,77
172,20,36,129,2840,83
173,20,36,49,2852,83
174,21,133,2917,1396,46
175,21,133,1394,107,67
176,21,133,185,1442,73
177,21,133,2920,1368,73
178,21,6,2977,2988,64
179,21,6,77,2991,64
180,21,6,2984,1440,75
181,21,6,53,2979,85
182,21,6,106,2978,85
183,22,119,78,2946,63
184,22,119,1399,2960,71
185,22,3,2892,1364,46
186,22,3,2887,2886,65
187,22,3,51,2893,85
188,22,3,1361,2895,85
189,22,3,1364,1447,90+5
190,23,37,11,1494,63
191,23,37,2693,2964,75
192,23,37,1487,2631,75
193,23,37,31,2965,90+2
194,23,27,1401,2912,46
195,23,27,2903,2902,73
196,23,27,2904,2911,85
197,23,27,1366,2910,90+2
198,24,5,2881,80,57
199,24,5,1404,141,63
200,24,5,2627,111,63
201,24,5,110,2879,69
202,24,5,150,1476,69
203,24,111,297,1405,42
204,24,111,2940,21,66
205,24,111,2933,2935,66
206,24,111,2690,1407,73
207,25,55,3041,57,46
208,25,55,1789,3037,46
209,25,55,1409,2621,62
210,25,55,56,3033,67
211,25,55,3039,2619,82
212,25,22,1408,3059,65
213,25,22,3066,3061,65
214,25,22,1410,3067,89
215,25,22,255,3065,90+5
216,26,12,1377,1573,60
217,26,12,184,168,60
218,26,12,64,3082,75
219,26,12,3080,3073,75
220,26,12,238,169,81
221,26,58,1551,1413,68
222,26,58,1493,2995,68
223,26,58,1491,83,73
224,26,58,113,2996,73
225,26,58,1492,2999,78
226,27,24,86,143,60
227,27,24,85,2620,72
228,27,24,134,149,86
229,27,24,1471,87,86
230,27,24,7,2622,86
231,27,15,3086,3089,46
232,27,15,3091,1452,46
233,27,15,3085,1451,62
234,27,15,3088,3100,72
235,27,15,3087,1453,72
236,28,35,60,63,54
237,28,35,59,2633,66
238,28,35,61,3047,66
239,28,35,37,3046,82
240,28,1,15,88,70
241,28,1,55,3028,70
242,28,1,1417,3024,70
243,28,1,116,3019,85
244,28,1,3015,3017,87
245,29,14,3118,93,55
246,29,14,3119,1421,67
247,29,14,1467,3121,67
248,29,14,3116,3117,81
249,29,14,3120,3122,81
250,29,126,90,3219,55
251,29,126,3211,3216,78
252,29,126,91,3223,78
253,29,126,3209,3220,78
254,29,126,3221,3224,90+2
255,30,21,3164,3153,46
256,30,21,3163,1460,57
257,30,21,1425,3154,78
258,30,21,3150,3160,90+2
259,30,39,1426,3189,78
260,30,39,1665,1458,78
261,30,39,66,3185,78
262,30,39,96,3182,83
263,30,39,3190,3181,88
264,31,10,136,2628,46
265,31,10,294,1468,58
266,31,10,70,3199,73
267,31,10,3198,3200,73
268,31,10,3197,3204,86
269,31,129,1462,3110,58
270,31,129,1427,3111,58
271,31,129,65,262,76
272,31,129,3104,3112,76
273,31,129,1461,3105,86
274,32,120,3176,139,42
275,32,120,1429,68,69
276,32,120,3171,3170,82
277,32,120,67,3178,82
278,32,120,2,138,82
279,32,135,3134,120,62
280,32,135,32,3136,62
281,32,135,36,175,72
282,32,135,1457,3146,72
283,32,135,1430,3138,86
284,33,115,48,1478,66
285,33,115,127,2828,66
286,33,115,47,142,82
287,33,115,2829,1469,82
288,33,115,100,2834,86
289,33,16,1347,75,64
290,33,16,2747,2753,64
291,33,16,1393,1348,64
292,33,16,2746,2758,85
293,33,16,1389,2752,85
294,34,28,2779,2768,46
295,34,28,2770,2769,46
296,34,28,2767,2782,64
297,34,28,2764,2778,85
298,34,125,2826,76,74
299,34,125,1392,1354,74
300,34,125,73,2812,90+5
301,35,38,2854,2856,36
302,35,38,50,2861,46
303,35,38,2855,2859,57
304,35,38,1433,2858,77
305,35,38,2869,2868,81
306,35,46,18,2787,57
307,35,46,2785,2793,57
308,35,46,1595,2791,57
309,35,46,2784,237,65
310,35,46,45,46,75
311,36,50,2799,2800,45+2
312,36,50,2806,2810,46
313,36,50,2801,2804,71
314,36,50,2798,1438,71
315,36,50,2805,1501,77
316,36,36,105,2842,46
317,36,36,1357,1360,65
318,36,36,2840,129,77
319,36,36,49,2837,82
320,36,36,1356,2847,82
321,37,6,53,2978,46
322,37,6,2977,2985,74
323,37,6,77,2991,82
324,37,6,106,2988,89
325,37,27,1366,2910,46
326,37,27,2912,2902,59
327,37,27,1367,2903,59
328,37,27,2898,1401,69
329,37,27,2900,1441,69
330,38,133,107,2920,60
331,38,133,2930,1577,74
332,38,133,2921,1395,83
333,38,37,2971,54,63
334,38,37,2693,2969,63
335,38,37,2631,3,63
336,38,37,2965,31,73
337,38,37,2970,1487,79
338,39,3,1362,2894,37
339,39,3,1444,1446,46
340,39,3,51,2895,62
341,39,3,2886,1447,88
342,39,111,2933,2935,46
343,39,111,2943,2934,77
344,39,111,108,21,77
345,39,111,1369,2940,86
346,39,111,1443,2942,86
347,40,119,1371,2946,46
348,40,119,2959,2958,46
349,40,119,2949,2955,62
350,40,119,1470,2952,72
351,40,119,1449,2960,83
352,40,5,150,1479,59
353,40,5,1448,1581,59
354,40,5,80,1482,79
355,40,5,111,2627,79
356,40,5,110,2880,83
357,41,24,86,143,64
358,41,24,85,2622,64
359,41,24,1471,87,90+2
360,41,12,168,169,46
361,41,12,3073,3080,59
362,41,12,1450,1573,72
363,41,12,1376,3083,72
364,41,12,238,184,87
365,42,15,1453,3089,60
366,42,15,3091,3088,60
367,42,15,3098,3087,60
368,42,15,1452,3085,65
369,42,15,1451,3099,76
370,42,58,1491,83,65
371,42,58,1413,1493,65
372,42,58,112,2996,76
373,42,58,1492,2999,76
374,42,58,1551,3003,85
375,43,55,1789,2621,46
376,43,55,3032,56,46
377,43,55,133,57,62
378,43,55,3034,3035,68
379,43,55,115,1412,87
380,43,35,3043,3053,46
381,43,35,63,59,57
382,43,35,3047,60,57
383,43,35,3046,37,68
384,43,35,61,3056,68
385,44,22,3061,3067,46
386,44,22,3071,3060,74
387,44,22,81,3059,74
388,44,22,3057,1408,90+3
389,44,22,117,3069,90+3
390,44,1,1418,3024,46
391,44,1,55,88,55
392,44,1,3015,282,66
393,44,1,15,119,66
394,44,1,3016,3023,90+3
395,45,39,1665,1458,46
396,45,39,66,69,46
397,45,39,3184,3185,72
398,45,39,1384,3186,72
399,45,39,96,3193,90+8
400,45,135,1428,3134,34
401,45,135,3136,3139,66
402,45,135,175,36,66
403,45,135,1457,3144,80
404,45,135,120,3146,80
405,46,21,1568,123,65
406,46,21,122,3155,81
407,46,21,1460,3154,81
408,46,21,97,3162,90+3
409,46,120,3178,3170,65
410,46,120,2,3179,65
411,46,120,1429,68,65
412,46,120,3172,3171,81
413,46,120,1488,3169,81
414,47,126,3209,1385,55
415,47,126,125,1422,55
416,47,126,91,3213,68
417,47,126,3212,3224,78
418,47,126,3211,3216,78
419,47,129,3104,3110,69
420,47,129,124,1567,69
421,47,129,1462,3113,83
422,47,129,65,3106,90+6
423,48,14,3120,3119,64
424,48,14,1467,3129,68
425,48,14,3123,3131,86
426,48,10,2628,3207,54
427,48,10,294,1468,54
428,48,10,3204,1486,54
429,48,10,3199,2629,64
430,48,10,3200,3198,79
431,49,115,2829,1481,46
432,49,115,48,1469,46
433,49,115,127,2835,83
434,49,115,1432,1353,90+3
435,49,115,47,142,90+3
436,49,36,2853,2852,46
437,49,36,49,2842,67
438,49,36,1357,129,67
439,49,36,1356,2841,75
440,49,36,2838,2843,90+2
441,50,5,2875,1477,50
442,50,5,1448,1581,71
443,50,5,111,2627,71
444,50,5,110,1404,80
445,50,5,141,2879,80
446,50,6,2978,2988,58
447,50,6,2977,53,58
448,50,6,77,2991,71
449,50,6,1440,2984,71
450,50,6,106,2980,71
451,51,46,42,45,65
452,51,46,104,46,65
453,51,46,41,2786,76
454,51,46,186,2639,76
455,51,46,132,2793,82
456,51,125,2826,76,46
457,51,125,1392,2816,46
458,51,125,2815,2824,46
459,51,125,73,74,72
460,51,125,1391,2822,84
461,52,37,144,2965,66
462,52,37,11,1494,76
463,52,37,1487,2631,76
464,52,37,1402,2968,90+2
465,52,119,2947,1399,64
466,52,119,1449,2949,71
467,52,119,2946,2948,71
468,52,119,1371,2956,87
469,52,119,1397,218,87
470,53,55,1789,2621,64
471,53,55,133,57,64
472,53,55,3034,3031,75
473,53,55,56,2619,87
474,53,55,3038,115,106
475,53,24,143,3013,62
476,53,24,85,2622,68
477,53,24,1471,2620,99
478,53,24,7,87,99
479,53,24,134,149,106
480,53,24,3013,86,106
481,54,10,1466,10,63
482,54,10,135,3201,72
483,54,10,1484,3205,72
484,54,10,3196,3202,80
485,54,10,12,2628,80
486,54,21,1425,3155,46
487,54,21,3149,3159,46
488,54,21,3152,137,65
489,54,21,1568,1460,74
490,54,21,97,3154,80
491,55,58,1491,2997,66
492,55,58,113,1413,82
493,55,58,2993,2995,82
494,55,58,1493,1489,82
495,55,58,2994,2999,84
496,55,58,1492,2624,120
497,55,35,61,62,63
498,55,35,59,63,63
499,55,35,60,3047,75
500,55,35,37,3046,98
501,55,35,58,3056,98
502,55,35,3047,2623,118
503,56,120,138,121,74
504,56,120,67,2,74
505,56,120,3168,1488,74
506,56,120,3169,1429,81
507,56,120,99,68,87
508,56,129,1464,1474,46
509,56,129,3104,262,54
510,56,129,126,1567,54
511,56,129,1462,3106,66
512,56,129,65,3114,89
513,57,115,1481,1478,46
514,57,115,2829,1469,46
515,57,115,128,2626,64
516,57,115,127,142,78
517,57,115,47,1483,113
518,57,5,2874,1479,66
519,57,5,1448,1581,78
520,57,5,1476,1482,78
521,57,5,111,2627,82
522,57,5,141,1404,106
523,57,5,1477,150,112
524,58,24,85,143,72
525,58,24,2622,2620,72
526,58,24,1471,87,106
527,58,24,3004,3013,110
528,58,24,1485,149,114
529,58,10,3198,3200,56
530,58,10,135,2628,64
531,58,10,70,2629,84
532,58,10,1466,3197,106
533,58,10,136,294,106
534,59,46,42,43,79
535,59,46,132,2786,79
536,59,46,104,45,85
537,59,46,186,46,90+8
538,59,37,1487,2631,79
539,60,58,82,148,57
540,60,58,113,2624,65
541,60,58,1493,1489,65
542,60,58,1491,3003,82
543,60,58,112,83,82
544,60,120,139,3167,51
545,60,120,1429,2,51
546,60,120,138,68,69
547,60,120,3168,1488,69
548,60,120,3175,121,79
549,61,5,1479,1477,62
550,61,5,111,2630,74
551,61,5,2874,2879,74
552,61,5,141,2878,86
553,61,5,110,2882,86
554,61,24,2622,2620,46
555,61,24,3004,149,46
556,61,24,1485,143,50
557,61,24,85,86,72
558,61,24,7,87,81
559,62,37,11,1494,65
560,62,37,1487,146,78
561,62,58,82,1493,21
562,62,58,2993,2995,46
563,62,58,113,2996,66
564,62,58,1491,83,66
565,62,58,1493,2997,78
566,63,24,85,2620,61
567,63,24,86,143,66
568,63,24,87,2622,66
569,63,24,149,3012,90+5
570,63,58,1413,3001,46
571,63,58,3002,1492,56
572,63,58,148,2624,64
573,63,58,1491,3000,64
574,63,58,2999,1493,66
575,64,5,150,1448,64
576,64,5,141,1404,91
577,64,5,2874,1479,102
578,64,5,111,2627,102
579,64,5,110,1482,116
580,64,5,1581,2630,120+1
581,64,37,11,1494,41
582,64,37,1487,146,41
583,64,37,31,2631,71
584,64,37,145,2972,71
585,64,37,54,2965,96
586,64,37,2693,2964,113
587,64,37,1402,2968,120+1
588,65,124,2640,152,24
589,65,124,3227,2641,64
590,65,124,1521,153,70
591,65,3,2891,3241,64
592,65,3,3239,1447,72
593,65,3,3240,3242,85
594,66,29,3251,1497,50
595,66,29,3254,3256,63
596,66,29,3255,3257,82
597,66,135,3266,1517,58
598,66,135,120,3267,59
599,66,135,3134,3143,87
600,67,120,99,3172,68
601,67,120,3169,2691,69
602,67,120,3276,3179,80
603,67,35,387,3285,70
604,67,35,156,200,77
605,67,35,3284,3286,86
606,68,58,1547,1374,76
607,68,58,3295,3296,77
608,68,58,3294,1548,82
609,68,50,1499,44,68
610,68,50,1525,1436,81
611,68,50,1351,2810,85
612,69,37,31,11,70
613,69,37,1487,3306,70
614,69,37,1503,277,78
615,69,6,3316,3317,64
616,69,6,1554,1372,72
617,69,6,3315,1553,84
618,71,5,1690,1559,54
619,71,5,150,3326,75
620,71,5,3325,322,84
621,71,51,3336,3340,63
622,71,51,3338,3339,76
623,71,51,162,3341,89
624,72,24,85,1485,60
625,72,24,177,1471,78
626,72,24,223,1561,86
627,72,112,3361,179,62
628,72,112,3360,3363,72
629,72,112,1560,3362,88
630,73,10,98,295,60
631,73,10,207,231,67
632,73,10,3199,2692,79
633,73,129,1506,1567,71
634,73,129,262,65,80
635,73,129,1505,1586,87
636,74,22,3071,2650,60
637,74,22,257,255,66
638,74,22,1507,3382,73
639,74,126,1565,3221,70
640,74,126,3212,3391,83
641,74,126,92,1509,90
642,76,128,1534,3398,71
643,76,128,181,3399,77
644,76,128,1536,3397,81
645,76,21,3408,3410,28
646,76,21,1510,1425,66
647,76,21,292,3411,73
648,77,12,1376,1669,74
649,77,12,168,3080,83
650,77,12,1596,227,90
651,77,116,1513,3423,63
652,77,116,3142,3424,63
653,77,116,3422,1578,73
654,80,19,191,1518,31
655,80,19,171,252,59
656,80,19,3436,1588,70
657,80,55,170,195,70
658,80,55,1585,3444,80
659,80,55,172,302,85
660,81,124,152,2641,74
661,81,124,153,1521,79
662,81,124,3226,3231,86
663,81,29,3252,3255,64
664,81,29,1520,3257,68
665,81,29,3254,3256,82
666,82,135,3134,3143,59
667,82,135,3267,3271,59
668,82,135,1517,3266,82
669,82,3,1496,3248,44
670,82,3,1447,2884,75
671,82,3,3241,3240,78
672,83,120,3169,3282,59
673,83,120,3172,99,70
674,83,120,1666,1523,89
675,83,58,198,3295,70
676,83,58,3293,3301,75
677,83,58,1500,3299,86
678,84,50,2798,2799,69
679,84,50,1501,1351,74
680,84,50,1524,2810,86
681,84,35,387,2633,71
682,84,35,3286,59,79
683,84,35,156,3292,89
684,85,37,3,1487,75
685,85,37,31,3306,80
686,85,37,317,3311,89
687,85,118,3453,3460,46
688,85,118,1552,3459,46
689,85,118,3457,3461,82
690,86,27,1527,2912,59
691,86,27,2636,1401,68
692,86,6,3315,1553,68
693,86,6,3316,3317,75
694,86,6,1554,1372,82
695,87,5,161,322,54
696,87,5,3324,3326,56
697,87,5,3330,2630,68
698,87,24,177,85,57
699,87,24,134,1471,82
700,87,24,223,1530,90+3
701,88,112,1531,3368,46
702,88,112,3363,3360,85
703,88,112,3359,3361,90
704,88,51,3333,3344,65
705,88,51,3350,3341,71
706,88,51,3338,3339,87
707,90,126,3221,1565,64
708,90,126,1532,3216,81
709,90,129,262,3381,46
710,90,129,208,65,73
711,90,129,165,210,90+4
712,91,1,3479,55,31
713,91,1,3478,3481,46
714,91,1,3477,3027,87
715,91,128,1511,3406,74
716,91,128,181,1593,78
717,91,128,3396,3399,90
718,93,12,169,226,59
719,93,12,184,64,68
720,93,12,168,1573,86
721,93,133,185,3487,24
722,93,133,3484,3486,41
723,93,133,1396,2923,59
724,94,46,187,3496,63
725,94,46,18,3497,63
726,94,46,237,3495,70
727,94,116,1516,1575,62
728,94,116,1576,188,69
729,94,116,1513,3431,69
730,95,119,3505,2956,57
731,95,119,1470,3506,72
732,95,119,3502,2945,80
733,95,19,3441,2638,32
734,95,19,171,3435,73
735,95,19,190,1588,78
736,96,55,170,195,72
737,96,55,224,302,75
738,96,55,193,3449,87
739,96,125,3516,2813,65
740,96,125,3517,1542,81
741,96,125,1540,3518,86
742,97,135,1428,120,63
743,97,135,3266,3267,73
744,97,135,36,3146,90+3
745,97,124,152,233,38
746,97,124,151,2641,46
747,97,124,3233,1521,60
748,98,3,1447,3242,65
749,98,3,3241,3239,79
750,98,29,3253,3255,45+7
751,98,29,3254,3257,64
752,98,29,1520,3256,81
753,100,35,156,200,74
754,100,35,3285,59,74
755,100,35,3284,3292,84
756,100,58,3293,3299,63
757,100,58,198,113,72
758,100,58,112,3296,85
759,101,27,1528,3475,60
760,101,27,1401,2902,75
761,101,27,2899,3474,90+2
762,101,37,2963,3310,50
763,101,37,31,3306,68
764,101,37,1487,3,78
765,102,6,3317,248,53
766,102,6,3315,1553,58
767,102,6,1554,1372,72
768,102,118,1552,1526,46
769,102,118,3467,1555,63
770,102,118,201,3469,79
771,103,112,3363,3360,46
772,103,112,1657,3361,90
773,103,112,179,3362,90+2
774,103,5,3330,3326,61
775,103,5,150,3325,72
776,103,5,1581,161,80
777,104,51,3333,3341,70
778,104,51,162,3347,85
779,104,51,3337,3349,90
780,104,24,7,3354,65
781,104,24,1561,1415,70
782,104,24,1471,178,81
783,105,126,1565,3211,75
784,105,126,3221,3216,82
785,105,126,92,1422,89
786,105,10,2643,3375,10
787,105,10,207,295,66
788,105,10,164,231,80
789,106,129,1506,1567,60
790,106,129,3381,210,69
791,106,129,124,1586,81
792,106,22,3382,3387,81
793,106,22,1507,3388,90+1
794,106,22,1566,3385,90+3
795,107,21,292,123,56
796,107,21,1569,3417,69
797,107,21,123,3416,79
798,107,1,323,3481,58
799,107,1,1418,15,63
800,107,1,3477,3027,78
801,108,111,1570,3528,65
802,108,111,297,3529,75
803,108,111,1571,241,89
804,108,128,1536,3397,57
805,108,128,3396,3399,68
806,108,128,1534,3398,80
807,109,46,186,234,46
808,109,46,2791,3501,79
809,109,12,3419,1683,74
810,109,12,215,168,86
811,110,116,3423,3427,46
812,110,116,3421,1578,56
813,110,116,1575,3431,81
814,110,133,1396,1574,46
815,110,133,2923,3491,77
816,110,133,107,3492,89
817,111,55,302,172,47
818,111,55,3449,193,65
819,111,55,3451,1543,82
820,111,119,3513,3512,79
821,111,119,78,3506,79
822,112,125,1541,194,74
823,112,125,3526,3524,80
824,112,125,1540,3525,86
825,112,19,252,2637,31
826,112,19,2638,3435,83
827,112,19,190,3442,89
828,113,135,1428,3267,63
829,113,135,36,3272,74
830,113,135,3266,1517,81
831,113,120,1523,2691,65
832,113,120,3276,3179,74
833,113,120,3172,3281,84
834,114,37,277,1503,75
835,114,37,31,3306,83
836,114,37,3,3313,89
837,114,5,204,3329,46
838,114,5,3330,161,66
839,114,5,3326,3325,75
840,115,35,3284,387,67
841,115,35,157,3053,70
842,115,35,156,200,80
843,115,35,59,3292,104
844,115,124,3226,3232,46
845,115,124,3227,152,61
846,115,124,153,1521,65
847,115,124,2641,3235,97
848,116,24,1485,1471,71
849,116,24,1591,1592,81
850,116,24,134,85,97
851,116,24,223,205,108
852,116,27,79,2635,46
853,116,27,1401,2636,66
854,116,27,2899,2634,98
855,116,27,2912,1528,106
856,118,12,1376,227,65
857,118,12,168,226,65
858,118,55,224,195,81
859,118,55,1585,3444,81
860,119,128,1572,3404,82
861,119,128,228,3402,82
862,119,128,3396,3399,90+1
863,119,129,208,262,73
864,119,129,165,65,73
865,120,19,3435,1588,61
866,120,19,1517,2638,79
867,120,19,171,2637,88
868,120,19,1587,3439,116
869,120,46,235,2639,81
870,120,46,43,3497,88
871,120,46,3494,3495,102
872,120,46,1595,45,113
873,122,10,2642,2692,46
874,122,10,3199,3376,58
875,122,10,207,231,73
876,122,12,227,3419,83
877,122,12,169,1573,87
878,123,124,3227,3235,54
879,123,124,152,1521,67
880,123,124,153,151,79
881,123,124,154,2640,102
882,123,24,134,1485,63
883,123,24,1591,1592,74
884,123,24,85,1471,88
885,123,24,1529,1530,97
886,124,128,181,1593,65
887,124,128,228,3402,65
888,124,128,3404,3395,85
889,124,46,235,3496,77
890,124,46,132,2639,85
891,124,46,43,45,90+1
892,125,37,11,3311,85
893,125,37,277,1503,86
894,125,12,1669,168,60
895,125,12,226,1376,80
896,125,12,227,64,90+1
897,126,24,1591,1592,95
898,126,24,177,85,101
899,126,24,223,1530,115
900,126,24,7,205,119
901,126,46,43,45,74
902,126,46,3494,3495,91
903,126,46,132,2639,97
904,126,46,1595,3497,112
905,127,12,227,3419,39
906,127,12,169,168,60
907,127,12,1573,1669,78
908,127,46,3495,187,46
909,127,46,43,45,46
910,127,46,1537,235,84
911,129,10,207,3534,63
912,129,10,1675,3535,68
913,129,24,1471,1485,61
914,130,111,297,3528,69
915,130,111,241,35,74
916,130,111,1406,1839,89
917,130,14,3552,1598,46
918,130,14,1623,3555,79
919,131,35,156,299,62
920,131,35,242,2629,62
921,131,35,3284,3563,78
922,131,115,1599,324,62
923,131,115,245,3569,77
924,131,115,243,3570,79
925,132,17,1625,3578,60
926,132,17,247,249,68
927,132,17,273,1677,88
928,132,6,3586,3591,49
929,132,6,3589,3592,68
930,132,6,3590,3593,78
931,133,19,3441,3603,69
932,133,19,250,1587,74
933,133,19,251,303,76
934,133,40,345,3613,57
935,133,40,2649,2646,64
936,133,40,3611,3612,78
937,134,23,1648,363,62
938,134,23,1876,3622,75
939,134,23,253,3623,78
940,134,55,1543,382,54
941,134,55,172,3635,67
942,134,55,170,3634,86
943,135,135,1605,3641,60
944,135,135,40,1696,60
945,135,135,3267,3642,76
946,135,22,117,1629,74
947,135,22,276,257,83
948,135,22,2650,3645,89
949,136,46,3501,1652,61
950,136,46,132,3655,73
951,136,46,259,1653,80
952,136,53,3666,3667,57
953,136,53,260,3669,73
954,136,53,3665,3668,79
955,137,129,3678,261,46
956,137,129,210,262,75
957,137,28,3682,3683,70
958,137,28,1633,3684,77
959,138,37,317,279,57
960,138,37,1610,3696,65
961,138,37,278,11,78
962,138,42,1631,1611,46
963,138,42,1630,1799,46
964,138,42,3710,3711,58
965,139,5,3721,3724,46
966,139,5,422,322,46
967,139,5,161,1690,87
968,139,9,3736,265,69
969,139,9,3738,3739,71
970,139,9,3735,1635,74
971,140,50,3305,1351,73
972,140,50,3752,1499,89
973,140,112,3763,3766,29
974,140,112,203,3767,52
975,140,112,3764,281,69
976,141,1,320,319,63
977,141,1,266,3778,73
978,141,1,15,331,82
979,141,120,366,843,28
980,141,120,3784,1811,46
981,141,120,1795,3785,65
982,142,39,1665,389,59
983,142,39,1616,1888,71
984,142,39,3793,3795,78
985,142,36,1777,3808,23
986,142,36,3804,268,46
987,142,36,3806,3807,77
988,143,12,227,168,46
989,143,12,169,287,58
990,143,12,1669,226,65
991,143,4,3825,288,66
992,143,4,3826,1744,71
993,143,4,3822,1673,84
994,144,124,1619,2640,59
995,144,124,3226,271,71
996,144,124,1636,3834,72
997,144,21,373,270,56
998,144,21,1667,3844,73
999,144,21,212,3845,84
1000,145,10,1620,3535,46
1001,145,10,294,1676,68
1002,145,10,240,2642,84
1003,145,111,241,35,74
1004,145,111,1406,3528,76
1005,145,111,313,21,84
1006,146,14,3553,1598,46
1007,146,14,93,3555,70
1008,146,14,94,1641,75
1009,146,24,272,1624,69
1010,146,24,3544,1471,72
1011,146,24,134,177,78
1012,147,35,242,2633,46
1013,147,35,156,299,64
1014,147,35,2629,3566,76
1015,147,17,274,3578,64
1016,147,17,273,247,85
1017,147,17,1625,1723,88
1018,148,6,3590,3596,51
1019,148,6,248,3592,69
1020,148,6,3589,3600,77
1021,148,115,1688,127,45+3
1022,148,115,1599,324,78
1023,148,115,243,3570,87
1024,149,19,3602,171,53
1025,149,19,250,1587,72
1026,149,19,3441,3603,79
1027,149,23,253,363,60
1028,149,23,3631,386,67
1029,149,23,1648,3629,73
1030,150,55,1543,382,46
1031,150,55,172,170,57
1032,150,40,2646,2649,35
1033,150,40,3613,3612,41
1034,150,40,3611,345,81
1035,151,135,1696,3272,67
1036,151,135,3641,1767,79
1037,151,135,175,1459,88
1038,151,46,43,1652,64
1039,151,46,3501,1653,71
1040,151,46,132,3660,87
1041,152,53,3667,3674,46
1042,152,53,3665,3676,57
1043,152,53,258,3675,69
1044,152,22,117,1629,68
1045,152,22,255,257,74
1046,152,22,276,3651,81
1047,153,129,3677,463,9
1048,153,129,1506,208,46
1049,153,129,262,210,69
1050,153,37,11,317,63
1051,153,37,3695,3702,66
1052,153,37,278,31,82
1053,154,42,1766,3715,46
1054,154,42,1612,3716,71
1055,154,42,1611,3718,83
1056,154,28,3682,545,82
1057,154,28,3690,2779,83
1058,154,28,1633,3688,90+2
1059,155,5,322,3730,76
1060,155,5,161,3731,76
1061,155,5,150,1690,90+4
1062,155,50,1499,3752,76
1063,155,50,3305,1351,85
1064,155,50,2798,3759,88
1065,156,112,179,3767,65
1066,156,112,3774,3772,75
1067,156,9,3738,265,57
1068,156,9,3737,3747,58
1069,156,9,1635,3744,64
1070,157,1,1535,3778,46
1071,157,1,282,6,69
1072,157,1,323,475,70
1073,157,39,389,1665,52
1074,157,39,3793,3802,72
1075,157,39,1616,3801,78
1076,158,36,3806,2841,72
1077,158,36,267,3814,87
1078,158,36,3807,1661,90+1
1079,158,120,2662,843,16
1080,158,120,3785,3171,46
1081,158,120,364,286,69
1082,159,12,3419,225,31
1083,159,12,169,287,57
1084,159,12,168,3819,75
1085,159,124,1672,3832,62
1086,159,124,1619,2640,83
1087,159,124,3227,271,90
1088,160,21,373,1510,57
1089,160,21,348,270,64
1090,160,21,1639,3851,78
1091,160,4,290,1673,73
1092,160,4,291,1744,77
1093,160,4,1638,3829,89
1094,161,14,3554,1641,58
1095,161,14,93,3555,72
1096,161,14,94,3561,81
1097,161,10,207,295,46
1098,161,10,1675,1620,63
1099,161,10,12,2642,71
1100,162,24,1529,1471,58
1101,162,24,272,177,69
1102,162,24,3541,3539,74
1103,162,111,313,35,62
1104,162,111,241,3548,79
1105,162,111,297,3528,84
1106,163,6,3600,3592,46
1107,163,6,3589,3593,61
1108,163,6,3596,3590,72
1109,163,35,298,300,56
1110,163,35,3566,3563,68
1111,163,35,242,3284,83
1112,164,115,3570,127,69
1113,164,115,314,301,75
1114,164,115,334,3574,89
1115,164,17,3578,249,46
1116,164,17,1645,247,70
1117,164,17,273,1677,81
1118,165,55,3637,3444,62
1119,165,55,302,3634,69
1120,165,55,170,3639,85
1121,165,19,171,252,46
1122,165,19,191,3607,46
1123,165,19,3432,3604,85
1124,166,40,3611,304,12
1125,166,40,3609,3614,24
1126,166,40,3612,2649,78
1127,166,23,1627,253,61
1128,166,23,363,3630,78
1129,166,23,254,3632,83
1130,167,53,260,3668,46
1131,167,53,3669,3674,71
1132,167,53,3666,3667,75
1133,167,135,1696,397,46
1134,167,135,343,3272,63
1135,167,135,3267,3644,78
1136,168,22,3651,2650,59
1137,168,22,255,257,65
1138,168,22,1410,3645,78
1139,168,46,1653,43,62
1140,168,46,3655,329,73
1141,168,46,1700,275,76
1142,169,42,280,1655,40
1143,169,42,3709,3718,46
1144,169,42,1611,3710,77
1145,169,129,210,262,73
1146,169,129,180,1586,77
1147,169,129,124,208,87
1148,170,28,1633,3689,63
1149,170,28,3683,3688,82
1150,170,28,3681,3682,89
1151,170,37,3695,2693,61
1152,170,37,277,11,67
1153,170,37,31,3705,79
1154,171,112,3774,3776,66
1155,171,112,281,3775,80
1156,171,5,161,3731,38
1157,171,5,1,3729,63
1158,171,5,322,1690,90+1
1159,172,9,3746,3742,61
1160,172,9,3744,3747,79
1161,172,9,306,3739,84
1162,172,50,1499,3752,46
1163,172,50,2798,1351,63
1164,172,50,3305,1501,68
1165,173,36,3813,3806,59
1166,173,36,3807,2841,84
1167,173,1,331,6,46
1168,173,1,475,282,76
1169,173,1,320,319,89
1170,174,120,1615,286,61
1171,174,120,843,3787,69
1172,174,120,507,1624,89
1173,174,39,1664,1665,71
1174,174,39,1616,3800,76
1175,174,39,66,3802,81
1176,175,21,1639,270,46
1177,175,21,1510,3845,66
1178,175,21,212,3851,73
1179,175,12,168,287,60
1180,175,12,215,227,60
1181,175,12,3819,184,88
1182,176,4,291,1708,71
1183,176,4,290,1673,77
1184,176,4,288,3825,90
1185,176,124,1636,3834,46
1186,176,124,1619,2640,67
1187,176,124,271,3841,81
1188,177,10,294,1676,64
1189,177,10,295,1620,72
1190,177,10,240,2642,106
1191,177,17,273,3578,57
1192,177,17,1625,1677,87
1193,177,17,1764,3582,108
1194,178,19,251,3603,68
1195,178,19,191,1647,81
1196,178,19,252,3608,85
1197,178,135,40,3272,53
1198,178,135,343,3644,53
1199,178,135,3641,3642,67
1200,179,115,1715,1688,9
1201,179,115,3573,127,56
1202,179,115,243,315,76
1203,179,111,1370,3545,46
1204,179,111,313,3533,61
1205,179,111,241,35,75
1206,180,22,117,1629,66
1207,180,22,1566,1689,77
1208,180,22,2650,3651,83
1209,180,40,304,2646,58
1210,180,40,345,2649,69
1211,180,40,3610,1628,78
1212,181,37,11,31,62
1213,181,37,278,279,90+4
1214,181,112,3370,3773,59
1215,181,112,203,3775,89
1216,182,1,282,319,46
1217,182,1,3778,323,70
1218,182,1,475,3783,109
1219,182,4,3823,291,78
1220,182,4,289,1638,97
1221,182,4,3825,290,100
1222,183,5,3731,3730,74
1223,183,5,204,3727,105+1
1224,183,5,3724,1690,106
1225,183,129,180,342,66
1226,183,129,210,262,82
1227,183,129,261,208,113
1228,184,12,168,3819,60
1229,184,12,287,169,91
1230,184,12,184,227,111
1231,184,36,3805,2841,32
1232,184,36,3807,3814,72
1233,184,36,3806,321,105+2
1234,185,10,1675,1620,83
1235,185,10,207,3534,86
1236,185,10,12,3538,88
1237,185,19,3602,3608,46
1238,185,19,251,1588,70
1239,185,19,191,171,80
1240,186,37,3695,3702,72
1241,186,37,1610,3705,73
1242,186,37,278,11,85
1243,186,1,6,319,69
1244,186,1,320,282,83
1245,186,1,183,3783,90+2
1246,187,115,127,3570,76
1247,187,115,1688,315,106
1248,187,115,3567,3572,120+1
1249,187,22,255,257,66
1250,187,22,1566,3647,79
1251,187,22,117,1629,97
1252,188,5,150,3330,33
1253,188,5,3731,3730,71
1254,188,5,322,3724,81
1255,188,12,287,169,59
1256,188,12,3819,168,60
1257,188,12,184,227,75
1258,189,10,1675,1620,46
1259,189,10,295,207,46
1260,189,10,294,2642,69
1261,189,1,266,3777,46
1262,189,1,6,319,58
1263,189,1,323,3478,76
1264,190,115,1688,3568,46
1265,190,115,1715,3575,62
1266,190,115,243,315,96
1267,190,5,3330,3730,81
1268,190,5,322,161,82
1269,190,5,3731,422,101
1270,191,10,1597,295,46
1271,191,10,207,3534,57
1272,191,10,1620,1675,73
1273,191,115,128,3568,70
1274,191,115,3575,3569,90
1275,191,115,3567,3571,90+3
1276,192,1,3783,319,31
1277,192,1,6,282,88
1278,192,1,320,3777,120
1279,192,5,3731,161,46
1280,192,5,322,3730,78
1281,192,5,3330,3724,86
1282,193,127,3853,1694,46
1283,193,127,1729,3856,83
1284,193,111,1621,297,55
1285,193,111,38,34,69
1286,193,111,1731,35,73
1287,194,135,3873,1696,63
1288,194,135,175,2006,74
1289,194,135,1816,3874,87
1290,194,37,3880,430,72
1291,194,37,1769,372,75
1292,194,37,3879,3881,85
1293,195,5,2220,422,74
1294,195,5,322,3890,79
1295,195,5,150,3889,85
1296,195,112,3899,3900,52
1297,195,112,1736,281,60
1298,195,112,3895,344,75
1299,196,21,1618,1773,74
1300,196,21,373,3910,87
1301,196,21,348,3909,90+1
1302,196,40,3612,3921,46
1303,196,40,305,345,59
1304,196,40,3920,3922,61
1305,197,46,1700,3933,31
1306,197,46,3931,1703,46
1307,197,46,557,1830,79
1308,197,36,1704,3939,77
1309,197,36,1777,3938,86
1310,198,4,3953,1706,58
1311,198,4,3950,3955,81
1312,198,4,3952,3954,82
1313,198,34,1776,351,53
1314,198,34,350,3965,84
1315,198,34,1705,1707,87
1316,199,1,6,332,68
1317,199,1,320,3481,74
1318,199,1,331,3976,81
1319,199,6,1846,354,46
1320,199,6,3984,3985,64
1321,199,6,1783,159,74
1322,200,126,3989,1713,62
1323,200,126,444,3991,69
1324,200,126,349,1738,76
1325,200,39,3794,455,73
1326,200,39,389,1745,90+1
1327,200,39,283,4000,90+3
1328,201,115,1792,4007,67
1329,201,115,243,4006,77
1330,201,115,1715,4005,88
1331,201,27,4016,4017,56
1332,201,27,356,4018,62
1333,201,27,4015,176,73
1334,202,55,1810,302,69
1335,202,55,3635,4027,82
1336,202,55,1543,523,88
1337,202,14,293,4033,63
1338,202,14,3561,2053,75
1339,202,14,94,4034,75
1340,203,53,23,4041,46
1341,203,53,258,1719,59
1342,203,53,427,379,72
1343,203,117,4049,1819,60
1344,203,117,1829,489,68
1345,203,117,2653,2655,76
1346,204,114,4061,4063,72
1347,204,114,4058,4062,78
1348,204,33,1752,4079,81
1349,204,33,337,4078,84
1350,204,33,1753,1806,90+1
1351,205,23,386,363,66
1352,205,23,254,1920,82
1353,205,23,1833,385,89
1354,205,120,4095,365,55
1355,205,120,426,367,62
1356,205,120,364,3789,85
1357,206,10,340,10,73
1358,206,10,416,4098,78
1359,206,10,1794,1620,84
1360,206,20,4110,4113,80
1361,207,42,4128,4129,60
1362,207,42,4127,1797,66
1363,207,42,4125,4130,78
1364,207,17,388,2645,52
1365,207,17,1625,4134,81
1366,207,17,247,369,87
1367,208,35,28,299,61
1368,208,35,3284,4138,62
1369,208,35,387,2629,77
1370,208,129,463,3677,36
1371,208,129,4143,1728,79
1372,208,129,432,4144,92
1373,209,127,3855,3864,57
1374,209,127,1729,3857,79
1375,209,135,1767,3876,71
1376,209,135,36,3877,89
1377,209,135,1816,1605,90
1378,210,37,3880,3881,46
1379,210,37,3879,278,69
1380,210,111,38,3870,31
1381,210,111,1692,35,55
1382,210,111,1731,34,62
1383,211,40,316,305,37
1384,211,40,2649,3928,79
1385,211,112,281,1736,46
1386,211,112,3895,3903,55
1387,211,112,3903,3902,77
1388,212,5,1987,3889,23
1389,212,5,391,161,75
1390,212,5,322,1774,82
1391,212,21,1618,1773,46
1392,212,21,373,3916,81
1393,213,1,15,3976,70
1394,213,1,320,332,70
1395,213,1,3975,3481,77
1396,213,126,1782,3995,70
1397,213,126,1713,3997,75
1398,213,126,349,3991,79
1399,214,34,351,3965,74
1400,214,34,350,1776,87
1401,214,34,3965,1707,90+4
1402,214,36,1704,3946,46
1403,214,36,3944,3945,46
1404,214,36,1840,3947,80
1405,215,46,3932,3933,63
1406,215,46,557,377,74
1407,215,46,3936,1830,84
1408,215,4,3960,3961,74
1409,215,4,3951,3954,81
1410,215,4,1708,1670,88
1411,216,39,1714,4000,56
1412,216,39,3794,394,77
1413,216,39,389,4004,87
1414,216,6,3590,3983,66
1415,216,6,354,3988,68
1416,216,6,1781,3985,84
1417,217,115,1792,4007,72
1418,217,115,314,4006,83
1419,217,115,243,315,88
1420,217,55,1810,414,64
1421,217,55,3635,456,77
1422,217,55,1543,302,77
1423,218,14,1640,3561,46
1424,218,14,1749,4034,72
1425,218,14,3555,93,78
1426,218,27,646,4022,46
1427,218,27,4017,4015,67
1428,218,27,383,4023,86
1429,219,33,1752,4079,70
1430,219,33,4082,4078,83
1431,219,117,1829,4049,68
1432,219,117,2653,2655,82
1433,219,117,358,2652,88
1434,220,53,1787,1719,46
1435,220,53,427,379,46
1436,220,53,258,4046,61
1437,220,114,1754,4063,63
1438,220,114,4058,4062,81
1439,220,114,4061,4068,90+3
1440,221,10,340,10,67
1441,221,10,393,1620,90+3
1442,221,23,446,254,54
1443,221,23,386,1920,68
1444,221,23,1833,385,72
1445,222,120,364,3784,70
1446,222,120,365,1793,74
1447,222,120,366,368,77
1448,222,20,4109,4113,58
1449,222,20,4110,4119,58
1450,222,20,4106,4115,75
1451,223,17,1760,247,46
1452,223,17,1625,369,46
1453,223,17,1724,3585,65
1454,223,129,431,432,42
1455,223,129,1761,4143,68
1456,223,129,342,4149,77
1457,224,35,1825,3563,66
1458,224,35,299,300,70
1459,224,35,1643,4140,77
1460,224,42,3709,4129,46
1461,224,42,1765,4125,63
1462,224,42,1798,1655,84
1463,225,111,297,3870,46
1464,225,111,1370,1768,57
1465,225,111,34,35,63
1466,225,135,343,2656,77
1467,225,135,175,3876,85
1468,226,37,3881,372,46
1469,226,37,3888,430,55
1470,226,37,3887,3879,82
1471,226,127,3859,3852,55
1472,226,127,3856,514,68
1473,226,127,3865,3854,78
1474,227,112,3766,3903,46
1475,227,112,3905,3900,57
1476,227,112,374,3899,70
1477,227,21,1737,1773,64
1478,227,21,1618,3909,87
1479,227,21,373,1897,90+3
1480,228,40,3612,3925,46
1481,228,40,1628,3928,54
1482,228,40,346,3921,55
1483,228,5,422,150,63
1484,228,5,161,3894,77
1485,228,5,3890,376,80
1486,229,34,351,1776,62
1487,229,34,1742,3974,79
1488,229,46,275,439,72
1489,229,46,377,557,86
1490,230,36,3947,3946,46
1491,230,36,3945,3939,64
1492,230,36,3942,1779,80
1493,230,4,3953,1706,65
1494,230,4,3951,3954,69
1495,230,4,3950,3955,85
1496,231,39,1714,394,64
1497,231,39,283,4004,82
1498,231,39,66,2657,90+2
1499,231,1,15,3980,67
1500,231,1,1535,399,73
1501,231,1,475,183,81
1502,232,6,1710,354,66
1503,232,6,3590,3983,66
1504,232,6,1781,3984,82
1505,232,126,3990,3996,62
1506,232,126,444,378,67
1507,232,126,1713,3991,77
1508,233,33,1721,380,87
1509,233,33,337,1752,90+2
1510,233,33,4077,4083,90+4
1511,233,53,4039,4043,46
1512,233,53,1930,381,46
1513,233,53,4040,411,56
1514,234,117,2655,2653,66
1515,234,117,1829,4055,67
1516,234,114,1754,4063,69
1517,234,114,4061,4072,79
1518,235,27,646,4023,34
1519,235,27,1790,4024,56
1520,235,27,4015,176,63
1521,235,55,1810,302,74
1522,235,55,3635,1646,88
1523,235,55,382,523,90+1
1524,236,14,4037,93,56
1525,236,14,94,4034,72
1526,236,14,1420,2051,73
1527,236,115,243,315,59
1528,236,115,334,4007,66
1529,236,115,1792,244,73
1530,237,120,1793,365,54
1531,237,120,24,1758,64
1532,237,120,364,3784,84
1533,237,10,1794,4101,44
1534,237,10,4102,1620,82
1535,237,10,362,4104,85
1536,238,20,4110,4118,67
1537,238,23,254,446,64
1538,238,23,1920,386,64
1539,238,23,385,4094,79
1540,239,17,247,3585,46
1541,239,17,369,388,46
1542,239,17,246,3584,65
1543,239,35,299,3563,55
1544,239,35,242,3565,73
1545,240,129,342,1728,46
1546,240,129,1761,431,69
1547,240,129,4142,124,78
1548,240,42,4125,4130,67
1549,240,42,1655,4129,78
1550,240,42,1798,1765,87
1551,241,135,32,1695,46
1552,241,135,343,1696,74
1553,241,135,175,3876,84
1554,241,21,3909,3916,61
1555,241,21,1618,1737,85
1556,242,36,1803,3945,31
1557,242,36,1704,3946,46
1558,242,36,1777,3947,91
1559,242,39,1817,1745,73
1560,242,39,389,455,78
1561,242,39,3798,394,113
1562,243,1,6,3481,72
1563,243,1,15,3980,72
1564,243,1,320,3981,83
1565,243,46,1700,439,64
1566,243,46,377,557,71
1567,243,46,1775,3933,87
1568,244,5,391,2220,69
1569,244,5,150,1698,79
1570,244,5,422,3894,87
1571,244,111,3871,3870,46
1572,244,111,297,1731,61
1573,245,115,244,4007,71
1574,245,115,243,315,80
1575,245,115,314,4006,92
1576,245,33,4077,380,71
1577,245,33,4076,4085,87
1578,245,33,4075,4086,88
1579,246,10,362,4098,76
1580,246,10,416,4103,81
1581,246,10,393,458,85
1582,246,17,369,247,46
1583,246,17,4134,4137,46
1584,246,17,3577,388,62
1585,247,117,4055,1829,60
1586,247,117,4054,2652,75
1587,247,117,489,2655,94
1588,247,55,1810,302,65
1589,247,55,1717,4030,81
1590,247,55,3635,456,106
1591,248,35,299,4141,58
1592,248,35,298,2629,88
1593,248,35,242,1944,90+3
1594,248,120,366,4095,58
1595,248,120,365,368,72
1596,248,120,24,1758,72
1597,249,115,243,315,85
1598,249,10,1813,458,62
1599,249,10,362,4098,77
1600,250,135,1604,2656,38
1601,250,135,3876,1696,46
1602,250,135,36,2006,76
1603,250,39,3798,455,74
1604,250,39,394,2657,88
1605,251,5,1480,3894,70
1606,251,5,150,161,75
1607,251,1,1535,399,72
1608,251,1,323,183,77
1609,251,1,15,3980,84
1610,252,117,2652,358,64
1611,252,117,1829,489,72
1612,252,117,1718,2653,84
1613,252,35,299,3563,56
1614,252,35,242,2629,75
1615,252,35,398,1944,84
1616,253,135,343,2006,78
1617,253,135,40,3877,84
1618,253,115,4005,1792,46
1619,253,115,244,4007,89
1620,254,1,1535,399,52
1621,254,1,3980,183,62
1622,254,1,323,3481,81
1623,254,35,298,299,81
1624,254,35,2629,3284,86
1625,254,35,242,1944,93
1626,255,135,1816,1605,77
1627,255,135,36,2006,88
1628,255,1,332,3981,73
1629,255,1,399,183,81
1630,255,1,320,3979,91
1631,256,115,334,4007,71
1632,256,115,1715,1792,99
1633,256,115,396,4009,105
1634,256,35,2629,4138,60
1635,256,35,242,3563,87
1636,256,35,298,299,106
1637,257,1,1906,2100,72
1638,257,1,6,420,79
1639,257,1,486,1865,90+1
1640,257,22,2024,4159,66
1641,257,22,1869,2650,78
1642,257,22,437,3388,90+1
1643,258,119,1864,4172,67
1644,258,119,1863,4171,78
1645,258,119,4170,4173,83
1646,258,28,403,421,65
1647,258,28,1827,3679,69
1648,258,28,404,4184,83
1649,259,46,556,4194,56
1650,259,46,439,1913,83
1651,259,117,4047,4052,8
1652,259,117,4050,443,68
1653,259,117,4199,2496,82
1654,260,131,4212,4214,52
1655,260,131,4211,1917,66
1656,260,128,535,440,62
1657,260,128,4228,4230,78
1658,260,128,4229,1952,78
1659,261,5,406,3730,64
1660,261,5,407,1834,75
1661,261,5,4241,33,90+3
1662,261,23,447,446,55
1663,261,23,4249,425,62
1664,261,23,1920,4250,77
1665,262,126,4257,1836,43
1666,262,126,4259,444,46
1667,262,126,1875,4260,67
1668,262,115,1821,4267,60
1669,262,115,424,334,69
1670,262,115,1824,1820,86
1671,263,111,520,1925,46
1672,263,111,1731,410,46
1673,263,111,519,449,52
1674,263,50,2800,1882,63
1675,263,50,4279,4281,81
1676,265,53,466,1719,56
1677,265,53,427,361,64
1678,265,53,472,474,82
1679,265,39,4296,1933,46
1680,265,39,4004,4298,68
1681,265,39,283,4297,89
1682,266,36,1701,504,46
1683,266,36,1886,4305,46
1684,266,36,506,2091,77
1685,266,122,412,1842,45
1686,266,122,4313,1931,82
1687,266,122,413,4316,86
1688,267,6,3590,248,53
1689,267,6,460,3988,61
1690,267,6,1781,415,75
1691,267,55,4334,1848,56
1692,267,55,4336,4337,79
1693,267,55,1848,4338,90
1694,268,10,4,393,69
1695,268,24,461,4352,41
1696,268,24,4351,272,56
1697,269,37,468,1966,70
1698,269,37,4362,4363,84
1699,269,129,1853,4372,56
1700,269,129,4370,1607,75
1701,269,129,1939,4371,82
1702,270,21,1938,419,46
1703,270,21,562,1773,68
1704,270,21,4376,4377,83
1705,270,130,4387,4388,55
1706,270,130,4385,4390,62
1707,270,130,1898,4389,86
1708,271,35,298,493,55
1709,271,35,242,1942,55
1710,271,35,682,3563,77
1711,271,134,4407,4410,46
1712,271,134,2659,1948,46
1713,271,134,4408,434,64
1714,273,1,395,1865,64
1715,273,1,331,420,71
1716,273,1,475,1906,77
1717,273,119,1863,4177,77
1718,273,119,1909,4176,83
1719,273,119,4172,4173,90+1
1720,274,28,403,421,46
1721,274,28,4181,3679,69
1722,274,28,1632,4184,73
1723,274,22,1826,4166,29
1724,274,22,1912,4164,56
1725,274,22,1999,4165,84
1726,277,5,1834,423,17
1727,277,5,407,391,59
1728,277,5,422,1,75
1729,277,126,1873,4264,46
1730,277,126,1836,4260,50
1731,277,126,4259,4265,70
1732,278,115,1812,1820,46
1733,278,115,314,1792,50
1734,278,115,424,4267,73
1735,278,23,425,446,62
1736,278,23,385,4255,62
1737,278,23,4250,4249,73
1738,279,111,410,2069,52
1739,279,111,1731,449,74
1740,279,111,1880,4276,78
1741,279,2,4420,4424,68
1742,279,2,4419,4422,73
1743,279,2,1879,4423,83
1744,280,120,448,1957,67
1745,280,120,426,367,80
1746,280,120,1958,365,88
1747,280,50,2800,1929,65
1748,280,50,1882,4285,66
1749,280,50,409,451,88
1750,281,53,466,1930,35
1751,281,53,4288,474,54
1752,281,53,472,361,61
1753,281,36,4304,4307,52
1754,281,36,267,1779,62
1755,282,122,4312,1931,46
1756,282,122,4313,4316,56
1757,282,122,4315,4323,68
1758,282,39,1887,1890,46
1759,282,39,4004,1961,80
1760,282,39,283,4298,85
1761,283,10,1849,2104,72
1762,283,10,4,393,72
1763,283,10,429,294,88
1764,283,6,4329,3590,41
1765,283,6,248,462,56
1766,283,6,460,415,69
1767,284,55,4335,523,46
1768,284,55,4336,456,61
1769,284,55,1847,4338,85
1770,284,24,1851,272,70
1771,284,24,4349,7,78
1772,284,24,459,4360,87
1773,285,37,4362,468,60
1774,285,37,372,4363,88
1775,285,37,26,597,90+1
1776,285,21,562,559,46
1777,285,21,1896,4377,69
1778,285,21,418,419,72
1779,286,130,4394,1898,25
1780,286,130,4395,4387,69
1781,286,130,4386,4398,87
1782,286,129,4372,1728,46
1783,286,129,1855,1853,77
1784,286,129,431,4375,87
1785,288,3,4441,4444,55
1786,288,3,1902,4443,55
1787,288,3,1978,630,77
1788,288,134,434,4408,71
1789,288,134,4409,4407,79
1790,288,134,435,2658,86
1791,289,28,4191,4192,46
1792,289,28,1632,4189,63
1793,289,28,4190,4184,68
1794,289,1,6,1906,66
1795,289,1,402,420,66
1796,289,1,486,4156,73
1797,290,22,4159,4162,70
1798,290,22,2650,4166,78
1799,290,22,437,4164,82
1800,290,119,4170,4173,46
1801,290,119,1907,4177,64
1802,290,119,1828,4180,85
1803,291,128,1952,4229,54
1804,291,128,440,4238,75
1805,291,128,4228,4237,90+1
1806,291,46,556,1830,4
1807,291,46,555,487,56
1808,291,46,275,329,69
1809,292,117,1829,443,66
1810,292,117,1982,4202,77
1811,292,117,1984,4048,89
1812,292,131,1831,4222,31
1813,292,131,4214,4223,41
1814,292,131,1917,4221,67
1815,293,115,424,4011,56
1816,293,115,243,4267,67
1817,293,115,314,4271,86
1818,293,5,3889,4244,24
1819,293,5,1,1962,70
1820,293,5,4241,33,80
1821,294,23,3620,425,60
1822,294,23,1920,447,73
1823,294,126,1874,1873,16
1824,294,126,444,4259,67
1825,295,120,1924,1967,61
1826,295,120,2662,477,69
1827,295,120,1958,1926,80
1828,295,111,1733,410,46
1829,295,111,1880,1953,69
1830,295,111,4274,1731,80
1831,296,50,4279,1499,13
1832,296,50,4280,4285,39
1833,296,50,1884,4281,67
1834,296,2,4420,4431,23
1835,296,2,4421,450,51
1836,296,2,4419,4422,73
1837,297,122,4313,4316,46
1838,297,122,4324,4322,64
1839,297,122,4321,4325,78
1840,297,53,4289,452,17
1841,297,53,427,453,60
1842,297,53,1719,4294,74
1843,298,39,1890,1887,46
1844,298,39,4004,1961,59
1845,298,39,454,4297,80
1846,298,36,1843,4308,40
1847,298,36,1701,4305,61
1848,298,36,1932,4304,74
1849,299,55,4340,2029,56
1850,299,55,4341,1847,60
1851,299,55,1847,4338,66
1852,299,10,416,467,71
1853,299,10,518,4347,71
1854,299,10,4342,4343,82
1855,300,24,4349,4352,65
1856,300,24,272,7,74
1857,300,24,2073,4351,83
1858,300,6,1846,415,63
1859,300,6,4332,3590,71
1860,300,6,3983,3988,75
1861,302,129,463,1607,53
1862,302,129,1728,4371,71
1863,302,129,1939,1506,88
1864,302,21,3908,419,63
1865,302,21,373,559,66
1866,303,3,4442,1945,13
1867,303,3,630,4444,68
1868,303,3,4440,4450,81
1869,303,35,493,298,46
1870,303,35,3563,1825,66
1871,303,35,1943,299,70
1872,304,134,434,4410,55
1873,304,134,436,4407,75
1874,304,134,435,2658,88
1875,304,133,1947,4459,79
1876,304,133,4456,4458,79
1877,304,133,4455,2035,90+1
1878,305,1,475,1906,72
1879,305,1,331,420,74
1880,305,1,402,2100,85
1881,305,128,4230,4234,39
1882,305,128,1952,4229,52
1883,305,128,39,440,72
1884,306,5,406,391,75
1885,306,5,423,33,76
1886,306,5,407,1,84
1887,306,111,2162,520,38
1888,306,111,297,1880,66
1889,306,111,4276,410,74
1890,307,46,439,1703,77
1891,307,46,465,3932,87
1892,307,46,329,4194,92
1893,307,28,4183,4189,69
1894,307,28,403,421,72
1895,308,120,2,365,34
1896,308,120,527,1957,46
1897,308,120,1958,367,84
1898,308,115,1824,1792,56
1899,308,115,1821,1812,67
1900,308,115,601,4272,84
1901,309,53,427,361,46
1902,309,53,472,3663,56
1903,309,53,474,466,75
1904,309,6,4332,415,81
1905,310,129,1607,1725,34
1906,310,129,4370,1853,64
1907,310,129,431,4375,117
1908,310,134,436,4408,75
1909,310,134,4410,434,94
1910,310,134,4409,2658,111
1911,311,10,1849,2104,46
1912,311,10,429,457,61
1913,311,10,416,4347,83
1914,311,39,1961,1890,60
1915,311,39,4004,4297,70
1916,312,35,298,2665,54
1917,312,35,493,682,54
1918,312,35,1825,4402,72
1919,312,37,372,3879,74
1920,312,37,430,4362,88
1921,313,1,486,1865,62
1922,313,1,475,1906,74
1923,313,1,6,420,86
1924,313,5,4240,4242,71
1925,313,5,4241,423,72
1926,313,5,406,1962,79
1927,314,53,411,4294,68
1928,314,53,1719,4293,68
1929,314,53,1930,4288,77
1930,314,134,1905,4410,20
1931,314,134,433,1861,47
1932,314,134,2658,4416,72
1933,315,46,465,3932,52
1934,315,46,439,1830,65
1935,315,46,3932,1703,119
1936,315,120,527,365,63
1937,315,120,367,2661,74
1938,315,120,1958,2662,86
1939,316,10,457,429,63
1940,316,10,1892,4344,76
1941,316,10,416,393,79
1942,316,37,468,3879,77
1943,316,37,372,4362,81
1944,316,37,430,1966,86
1945,317,1,1906,475,73
1946,317,1,486,1865,83
1947,317,1,6,420,111
1948,317,53,472,427,74
1949,317,53,1719,361,91
1950,317,53,4290,474,104
1951,318,120,1924,1967,62
1952,318,120,527,365,68
1953,318,120,1883,2662,75
1954,318,37,372,4362,69
1955,318,37,468,3879,72
1956,318,37,430,1966,85
1957,319,1,6,420,65
1958,319,1,331,4155,71
1959,319,1,475,4154,79
1960,319,120,1883,1957,46
1961,319,120,1960,477,69
1962,319,120,527,1958,77
1963,321,37,2699,576,60
1964,321,37,4362,3888,81
1965,322,48,1969,1970,46
1966,322,48,4489,1971,77
1967,322,14,479,2055,69
1968,323,135,531,4511,80
1969,323,135,481,4510,87
1970,323,135,2006,530,88
1971,323,27,1974,2041,58
1972,323,27,4017,646,70
1973,323,27,640,1791,89
1974,324,1,2049,2101,46
1975,324,1,483,485,67
1976,324,1,6,420,76
1977,324,3,2188,4534,46
1978,324,3,1945,4443,46
1979,324,3,2010,4535,77
1980,325,46,465,4542,63
1981,325,46,4541,439,74
1982,325,128,2060,535,56
1983,325,128,440,4552,80
1984,326,117,4559,2014,66
1985,326,117,540,4560,72
1986,326,117,4558,1986,86
1987,326,127,1981,4565,27
1988,326,127,536,4566,78
1989,327,5,650,2061,46
1990,327,5,2220,33,78
1991,327,5,14,406,81
1992,327,112,3905,4588,48
1993,327,112,1988,4587,73
1994,328,35,4594,513,67
1995,328,35,621,4596,74
1996,328,35,2089,4595,82
1997,328,34,4606,495,57
1998,328,34,4605,539,63
1999,328,34,4604,4607,77
2000,329,24,586,516,46
2001,329,24,587,4616,64
2002,329,24,4615,584,67
2003,329,111,519,580,68
2004,329,111,34,4622,79
2005,330,10,518,1995,67
2006,330,10,4627,4628,72
2007,330,10,4,4629,73
2008,330,132,543,560,66
2009,330,132,4634,544,66
2010,330,132,2026,4635,88
2011,332,18,4646,4652,26
2012,332,18,4649,4651,66
2013,332,18,4645,4650,74
2014,332,22,4661,764,57
2015,332,22,4162,4663,70
2016,332,22,401,4662,80
2017,334,21,500,419,50
2018,334,21,501,418,61
2019,334,21,559,1801,89
2020,334,119,4170,553,46
2021,334,119,1908,4678,50
2022,334,119,4677,554,64
2023,335,124,2002,2030,46
2024,335,124,549,551,55
2025,335,124,4688,2004,78
2026,335,133,2003,2198,67
2027,335,133,4697,4698,67
2028,335,133,2075,4699,84
2029,336,36,680,4708,46
2030,336,36,352,4709,75
2031,336,36,1885,4707,80
2032,336,120,4712,4715,69
2033,336,120,2039,4714,73
2034,336,120,528,477,80
2035,337,1,483,485,75
2036,337,1,6,532,85
2037,337,1,486,2101,89
2038,337,48,2307,769,73
2039,337,48,4489,1971,73
2040,337,48,2057,4493,87
2041,338,37,4469,4471,16
2042,338,37,597,3888,81
2043,338,37,4362,576,90+3
2044,338,135,2008,4510,60
2045,338,135,2007,4517,71
2046,338,135,481,4508,72
2047,339,14,4502,2054,46
2048,339,14,479,4504,74
2049,339,14,2009,571,84
2050,339,3,4540,2010,35
2051,339,3,4532,4535,72
2052,339,3,4443,1978,86
2053,340,27,4017,646,50
2054,340,27,4520,1791,62
2055,340,27,357,4527,89
2056,340,125,4478,558,46
2057,340,125,4482,4487,46
2058,340,125,4487,2047,83
2059,341,128,440,4552,64
2060,341,128,535,2060,83
2061,341,112,4583,3905,65
2062,341,112,4586,4588,70
2063,342,35,4594,513,46
2064,342,35,621,4596,46
2065,342,35,494,1825,85
2066,342,117,628,540,63
2067,342,117,1984,4558,78
2068,343,5,2220,33,46
2069,343,5,14,406,60
2070,343,5,2061,650,64
2071,343,46,1913,4547,19
2072,343,46,557,4550,54
2073,343,46,556,4196,80
2074,344,127,514,4574,71
2075,344,127,536,4566,80
2076,344,127,492,4573,84
2077,344,34,495,4606,41
2078,344,34,4603,4611,60
2079,344,34,539,2065,60
2080,345,53,4289,452,24
2081,345,53,4721,453,79
2082,345,24,4618,272,57
2083,345,24,2128,4356,62
2084,345,24,516,1935,79
2085,346,10,518,1995,46
2086,346,10,4627,4347,70
2087,346,10,4,4632,72
2088,346,18,4647,2066,62
2089,346,18,4659,2067,66
2090,346,18,4648,4652,75
2091,347,111,519,580,77
2092,347,111,4625,4621,87
2093,347,111,34,4620,90+3
2094,347,28,4183,4190,35
2095,347,28,421,403,53
2096,347,28,4727,4728,58
2097,348,22,1999,764,66
2098,348,22,4662,522,77
2099,348,22,4162,4663,77
2100,348,132,561,560,75
2101,348,132,4634,4642,79
2102,348,132,2026,4635,88
2103,349,55,2696,2031,72
2104,349,55,4337,4738,75
2105,349,55,523,4335,85
2106,349,124,2027,551,46
2107,349,124,4688,2030,52
2108,349,124,2076,549,57
2109,350,21,328,418,38
2110,350,21,500,419,56
2111,350,21,501,2160,69
2112,350,36,1779,1932,75
2113,350,36,524,2091,82
2114,351,133,2003,4697,67
2115,351,133,1946,4699,77
2116,351,133,2037,2198,88
2117,351,12,2164,4748,46
2118,351,12,4747,550,46
2119,351,12,4745,4749,74
2120,352,120,2080,528,60
2121,352,120,2038,507,63
2122,352,120,4713,4720,69
2123,352,119,4677,2040,16
2124,352,119,4170,554,56
2125,352,119,1909,4682,71
2126,353,27,646,4017,46
2127,353,27,1791,4523,76
2128,353,27,2086,4526,79
2129,353,37,576,3888,54
2130,353,37,469,4474,71
2131,353,37,4362,2699,83
2132,354,125,2044,2047,63
2133,354,125,558,4478,67
2134,354,125,4481,4483,76
2135,354,135,4507,4511,32
2136,354,135,2006,40,46
2137,354,135,2007,530,46
2138,355,14,2052,2055,53
2139,355,14,2054,4502,64
2140,355,14,479,4506,80
2141,355,1,483,532,46
2142,355,1,486,2101,80
2143,355,1,6,420,84
2144,356,3,4443,4449,67
2145,356,3,4532,4535,68
2146,356,3,2148,1902,79
2147,356,48,4489,769,46
2148,356,48,2307,1969,80
2149,356,48,4490,4496,89
2150,357,128,440,4552,46
2151,357,128,535,1952,68
2152,357,128,441,39,88
2153,357,5,14,406,58
2154,357,5,2059,2220,63
2155,357,5,1954,2061,63
2156,358,112,4593,4588,86
2157,358,46,557,4550,69
2158,358,46,556,4541,77
2159,358,46,2015,4196,85
2160,359,127,514,4566,74
2161,359,127,538,4570,80
2162,359,127,492,4569,83
2163,359,35,1942,4599,53
2164,359,35,513,4600,77
2165,359,35,493,621,82
2166,360,34,2019,2064,40
2167,360,34,539,2065,62
2168,360,34,4606,4614,77
2169,360,117,4559,540,53
2170,360,117,628,443,61
2171,360,117,443,1986,92
2172,361,22,4162,4663,46
2173,361,22,1869,4661,65
2174,361,22,2024,522,74
2175,361,10,4632,4103,57
2176,361,10,4627,4347,61
2177,361,10,498,416,72
2178,362,132,2105,4636,35
2179,362,132,4634,560,70
2180,362,132,2026,4640,84
2181,362,18,4644,2067,46
2182,362,18,4649,4652,73
2183,362,18,4648,4650,73
2184,363,111,4276,4275,76
2185,363,111,4625,4621,76
2186,363,111,519,4622,80
2187,363,53,453,2071,55
2188,363,53,2070,2097,63
2189,363,53,466,474,78
2190,364,28,4727,4728,40
2191,364,28,403,421,76
2192,364,24,1935,4618,52
2193,364,24,461,4356,59
2194,364,24,4616,584,68
2195,365,133,2037,2198,46
2196,365,133,2137,4698,61
2197,365,133,526,4699,78
2198,365,55,523,546,46
2199,365,55,4336,4741,46
2200,365,55,547,4340,84
2201,366,12,4749,550,70
2202,366,12,2164,4745,78
2203,366,12,4744,4752,90+2
2204,366,124,2076,551,34
2205,366,124,2257,2078,43
2206,366,124,503,271,82
2207,367,120,527,4714,69
2208,367,120,4712,4717,73
2209,367,120,1957,477,77
2210,367,21,419,418,93
2211,368,119,2083,554,65
2212,368,119,552,4684,86
2213,368,119,4678,4676,89
2214,368,36,2033,1779,36
2215,368,36,506,4709,58
2216,368,36,680,4708,68
2217,369,1,4529,2100,46
2218,369,1,1866,2085,60
2219,369,1,420,4156,92
2220,369,117,489,540,29
2221,369,117,4050,2014,84
2222,369,117,4558,443,91
2223,370,27,641,4523,7
2224,370,27,2086,4524,58
2225,370,46,556,4549,46
2226,370,46,591,4542,49
2227,370,46,557,4550,69
2228,371,128,440,4552,65
2229,371,128,488,39,76
2230,371,128,2060,1952,99
2231,371,125,4476,2047,66
2232,372,35,2102,537,66
2233,372,35,513,1942,72
2234,372,35,493,4600,80
2235,372,48,2057,4493,50
2236,372,48,2307,769,55
2237,372,48,4489,2663,82
2238,373,111,4276,580,28
2239,373,111,2090,4620,46
2240,373,111,520,606,78
2241,373,36,2091,680,59
2242,373,36,506,4708,79
2243,373,36,1886,4707,92
2244,374,10,4627,1995,57
2245,374,10,518,4103,81
2246,374,10,498,4347,90
2247,374,12,4754,550,72
2248,375,55,1895,2696,46
2249,375,55,523,4741,46
2250,375,55,4741,546,86
2251,375,132,544,4642,74
2252,375,132,497,4640,85
2253,375,132,4634,560,90
2254,376,21,2079,500,63
2255,376,21,1773,418,68
2256,376,21,655,1801,83
2257,376,53,474,1930,61
2258,376,53,471,2111,72
2259,377,46,4547,4542,56
2260,377,46,556,4541,79
2261,377,46,2015,4550,80
2262,377,10,4,4632,70
2263,378,1,486,2101,60
2264,378,1,420,532,80
2265,378,1,6,485,88
2266,378,36,506,524,58
2267,378,36,2032,4708,65
2268,378,36,1886,680,80
2269,379,35,2102,537,70
2270,379,35,494,621,80
2271,379,35,4596,1825,93
2272,379,21,1773,562,32
2273,379,21,501,418,60
2274,379,21,2079,500,90
2275,380,132,561,560,67
2276,380,132,521,4635,91
2277,381,1,6,485,70
2278,381,1,486,2101,85
2279,381,1,420,4156,88
2280,381,21,500,419,54
2281,381,21,1940,2103,56
2282,381,21,655,559,80
2283,382,10,4,4629,68
2284,382,10,4632,1995,75
2285,382,10,4103,4630,85
2286,382,132,521,560,62
2287,382,132,544,4639,74
2288,382,132,4634,4635,88
2289,383,21,655,2079,46
2290,383,21,562,1801,65
2291,383,21,559,4674,79
2292,383,132,521,1993,41
2293,383,132,544,4638,76
2294,383,132,4634,4640,86
2295,384,1,6,485,74
2296,384,1,2101,4156,77
2297,384,1,532,1976,84
2298,384,10,518,4627,85
2299,384,10,4,1995,90
2300,385,10,4759,2206,46
2301,385,10,594,1995,72
2302,385,32,2106,4772,78
2303,385,32,4769,4771,84
2304,386,58,2179,4785,78
2305,386,58,569,4786,86
2306,386,58,2311,2253,90
2307,386,113,4797,4799,46
2308,386,113,592,4798,72
2309,387,14,4809,2054,65
2310,387,14,2110,4506,65
2311,387,14,666,4810,84
2312,387,7,4817,4822,82
2313,387,7,4818,4823,82
2314,387,7,616,595,82
2315,388,53,4831,596,57
2316,388,53,2111,4832,61
2317,388,53,515,453,71
2318,388,17,4836,2181,63
2319,388,17,2144,620,81
2320,388,17,2113,4838,82
2321,389,3,670,4847,78
2322,389,3,707,4540,79
2323,389,3,630,631,84
2324,389,27,2116,599,65
2325,389,27,646,4853,73
2326,389,27,639,1974,84
2327,390,37,4857,576,26
2328,390,37,652,4473,73
2329,390,37,2699,597,84
2330,390,127,4864,4866,56
2331,390,127,536,629,89
2332,391,117,4875,1984,43
2333,391,117,628,4877,70
2334,391,117,540,4876,78
2335,391,11,2183,622,68
2336,391,11,2156,693,77
2337,392,115,2228,2701,65
2338,392,115,4893,603,65
2339,392,115,605,671,80
2340,392,12,4898,2122,22
2341,392,12,4901,4902,60
2342,393,21,4906,4909,55
2343,393,21,4905,4672,60
2344,393,21,2161,656,75
2345,393,111,2123,2069,46
2346,393,111,4619,579,46
2347,393,111,606,701,70
2348,394,35,2303,2124,46
2349,394,35,4918,4920,58
2350,394,35,2125,4919,77
2351,394,112,4925,673,70
2352,394,112,600,642,83
2353,394,112,4585,4926,89
2354,395,54,2169,2168,69
2355,395,54,585,4937,74
2356,395,54,4936,4938,81
2357,395,24,1935,648,74
2358,396,126,4957,1835,50
2359,396,126,4259,2197,58
2360,396,126,609,4960,68
2361,396,50,611,4973,68
2362,397,5,650,713,61
2363,397,5,2225,2058,72
2364,397,55,2031,4991,65
2365,397,55,4988,2133,84
2366,399,123,4999,5002,68
2367,399,123,661,5001,76
2368,399,123,614,5000,84
2369,399,19,2200,662,46
2370,399,19,5010,613,84
2371,400,46,4550,556,85
2372,400,133,635,2198,46
2373,400,133,5029,2138,65
2374,400,133,2036,4703,79
2375,401,32,4767,4776,59
2376,401,32,2106,4775,61
2377,401,113,592,4804,60
2378,401,113,4799,4808,71
2379,401,113,2140,4802,81
2380,402,10,564,4763,68
2381,402,10,594,4764,72
2382,402,10,498,1995,87
2383,402,58,4783,4791,76
2384,402,58,2108,4785,76
2385,402,58,569,4786,88
2386,403,17,2144,620,56
2387,403,17,2142,4841,69
2388,403,7,4821,4828,46
2389,403,7,4818,616,46
2390,403,7,4823,595,73
2391,404,53,2308,4831,62
2392,404,53,574,474,65
2393,404,53,2208,2111,83
2394,404,14,2110,4506,46
2395,404,14,479,355,66
2396,404,14,666,4810,66
2397,405,37,576,597,30
2398,405,37,4861,2699,58
2399,405,37,430,4860,79
2400,405,3,707,4851,33
2401,405,3,4851,2115,65
2402,405,3,2148,1902,76
2403,406,127,4864,2154,46
2404,406,127,629,4865,77
2405,406,127,2151,4574,88
2406,406,27,640,2155,58
2407,406,27,2700,1974,58
2408,406,27,2150,2116,82
2409,407,112,674,3905,67
2410,407,112,600,673,75
2411,407,112,708,642,84
2412,407,11,4889,693,46
2413,407,11,2156,2183,66
2414,407,11,2298,2185,84
2415,408,35,4923,513,52
2416,408,35,2267,4919,56
2417,408,35,493,624,65
2418,408,117,540,1915,46
2419,408,117,2084,4876,73
2420,408,117,2212,4877,83
2421,409,115,603,604,78
2422,409,115,2194,4896,80
2423,409,115,605,2701,84
2424,409,21,4672,2079,53
2425,409,21,4908,2161,69
2426,409,21,656,3916,77
2427,410,12,4757,2164,17
2428,410,12,2437,4744,67
2429,410,12,632,4902,77
2430,410,111,4622,2069,46
2431,410,111,2123,2192,57
2432,410,111,606,4913,67
2433,411,55,2031,4996,61
2434,411,55,1894,546,79
2435,411,55,2166,4991,84
2436,411,24,4948,648,46
2437,411,24,586,4952,67
2438,411,24,584,1851,88
2439,412,5,2225,2204,25
2440,412,5,650,2668,75
2441,412,5,1989,637,80
2442,412,54,2129,2169,46
2443,412,54,4941,4938,62
2444,412,54,2698,585,73
2445,413,1,1977,19,46
2446,413,1,2235,5035,57
2447,413,1,1976,2215,66
2448,413,126,4960,2197,57
2449,413,126,1835,4965,66
2450,413,126,2130,4966,74
2451,414,36,2335,680,57
2452,414,36,5039,5040,57
2453,414,36,2336,5041,82
2454,414,50,4972,4973,74
2455,414,50,4971,4977,75
2456,414,50,2172,4976,77
2457,415,19,662,613,56
2458,415,19,755,2200,56
2459,415,19,2199,5015,62
2460,415,133,4697,2138,68
2461,415,133,2198,5033,73
2462,415,133,4703,2035,76
2463,416,123,661,5002,72
2464,416,123,5002,5001,81
2465,416,123,614,717,86
2466,416,46,2219,465,32
2467,416,46,4550,556,72
2468,417,53,4289,2432,4
2469,417,53,515,453,60
2470,417,53,474,574,72
2471,417,7,572,4823,62
2472,417,7,4821,4822,73
2473,417,7,4817,616,80
2474,418,32,4775,4771,54
2475,418,32,2139,4781,83
2476,418,58,4788,4784,72
2477,418,58,4785,2253,76
2478,418,58,2179,4792,87
2479,419,113,4805,2209,46
2480,419,113,592,4797,68
2481,419,113,4799,4807,79
2482,420,17,620,4838,70
2483,420,17,2142,2144,70
2484,420,17,2114,2181,77
2485,420,14,2054,2147,68
2486,420,14,4506,4810,72
2487,420,14,4503,2056,82
2488,421,35,4920,493,50
2489,421,35,4918,624,65
2490,421,35,621,2184,69
2491,421,11,2119,2183,28
2492,421,11,691,2156,46
2493,421,11,2323,4889,61
2494,423,112,583,4926,46
2495,423,112,626,708,68
2496,423,117,1984,4876,55
2497,423,117,627,2084,67
2498,423,117,4883,2212,77
2499,424,127,2117,4574,46
2500,424,127,536,4874,46
2501,424,127,492,4871,67
2502,424,3,4852,4534,64
2503,424,3,631,4851,81
2504,425,12,4901,4749,46
2505,425,12,744,2437,65
2506,425,12,4899,4902,74
2507,425,21,4905,2161,46
2508,425,21,4672,2190,46
2509,425,21,4911,4909,66
2510,426,115,671,714,70
2511,426,115,2194,4896,71
2512,426,115,603,4893,78
2513,426,111,4619,2069,46
2514,426,111,4914,579,55
2515,427,1,2683,1977,46
2516,427,1,2195,5035,69
2517,427,1,2215,1976,76
2518,427,50,2172,4978,70
2519,428,36,4709,5040,58
2520,428,36,2032,658,64
2521,428,36,2336,5044,81
2522,428,126,608,2197,30
2523,428,126,1835,4957,54
2524,428,126,609,2679,62
2525,429,123,5005,2173,32
2526,429,123,717,589,46
2527,429,123,712,614,68
2528,429,133,5029,4705,60
2529,429,133,2035,4703,85
2530,429,133,635,2138,91
2531,430,19,2273,2200,46
2532,430,19,2199,5018,46
2533,430,19,613,662,46
2534,430,46,591,5022,73
2535,430,46,636,5023,79
2536,430,46,2219,2669,83
2537,432,5,607,650,52
2538,432,5,645,1989,67
2539,432,5,2668,2666,80
2540,432,24,4952,648,46
2541,432,24,586,4948,67
2542,433,10,594,1995,65
2543,433,10,2107,4761,78
2544,433,17,2181,2144,46
2545,433,17,620,4843,46
2546,433,17,2113,4844,80
2547,434,53,2208,2111,63
2548,434,53,2308,4833,72
2549,434,53,474,4832,77
2550,434,113,2180,4805,13
2551,434,113,4805,4798,39
2552,434,113,592,4797,73
2553,435,112,3905,673,65
2554,435,112,4585,642,73
2555,435,27,638,640,59
2556,435,27,639,2116,77
2557,435,27,2700,4853,82
2558,436,37,430,4860,65
2559,436,37,652,4473,69
2560,436,37,4861,4857,76
2561,436,117,540,4876,55
2562,436,117,1915,1984,75
2563,436,117,628,2212,91
2564,437,1,2344,1976,37
2565,437,1,2223,2235,57
2566,437,1,2195,5035,73
2567,437,111,701,2094,46
2568,437,111,4622,2069,53
2569,437,111,606,579,86
2570,438,126,609,2679,56
2571,438,126,588,4963,78
2572,439,5,650,2668,68
2573,439,5,14,406,68
2574,439,5,1989,2666,91
2575,439,46,5019,4546,71
2576,439,46,591,2667,78
2577,439,46,636,2669,97
2578,440,123,661,5007,56
2579,440,123,4999,5000,60
2580,440,123,615,5001,75
2581,440,24,648,4954,75
2582,440,24,584,1851,82
2583,442,10,594,1995,64
2584,442,10,2206,1849,71
2585,442,10,498,467,87
2586,442,27,599,2086,46
2587,442,27,638,640,66
2588,442,27,641,2150,87
2589,443,1,2195,5035,69
2590,443,1,1977,5038,79
2591,443,24,648,4952,83
2592,444,115,605,602,64
2593,444,5,2059,637,68
2594,444,5,2058,713,89
2595,445,10,594,1995,70
2596,445,10,2206,1849,85
2597,445,115,2227,714,56
2598,445,115,2701,604,75
2599,445,115,671,2228,111
2600,446,37,2231,430,31
2601,446,37,4857,597,68
2602,446,37,2699,4469,77
2603,446,24,2203,4952,63
2604,446,24,584,586,89
2605,448,10,2206,1995,46
2606,448,10,564,4764,73
2607,448,37,2231,4473,57
2608,448,37,4857,576,66
2609,448,37,2699,469,74
2610,449,1,699,5049,60
2611,449,1,2195,5048,83
2612,449,8,2234,5057,66
2613,449,8,5056,2237,79
2614,450,35,2184,697,46
2615,450,35,653,5067,63
2616,450,21,2239,656,59
2617,450,21,4906,578,73
2618,451,36,658,5039,58
2619,451,36,680,4708,81
2620,451,129,5092,2242,72
2621,451,129,5091,5093,77
2622,452,53,2673,700,46
2623,452,53,2338,2391,84
2624,452,48,659,1969,68
2625,452,48,2245,683,90
2626,453,123,712,2332,68
2627,453,123,660,5124,90
2628,454,12,632,5128,54
2629,454,12,4757,2189,85
2630,454,58,5134,5136,69
2631,454,58,688,2314,82
2632,454,58,5132,5135,89
2633,455,113,4804,4802,46
2634,455,113,2209,619,78
2635,455,111,5153,5154,46
2636,455,111,5151,701,71
2637,456,14,665,5167,81
2638,456,14,5165,5166,87
2639,456,128,5173,441,61
2640,456,128,2347,704,76
2641,457,10,2408,2107,75
2642,457,10,2343,2333,85
2643,457,124,5187,685,55
2644,457,124,703,5188,77
2645,458,115,602,672,57
2646,458,115,706,5194,81
2647,458,3,5200,2317,45
2648,458,3,707,4847,69
2649,459,5,713,5206,80
2650,459,5,9,607,83
2651,459,40,5217,5221,46
2652,459,40,5220,2300,59
2653,460,1,2235,728,62
2654,460,35,654,5070,64
2655,460,35,696,2324,77
2656,461,112,689,581,69
2657,461,112,708,5228,77
2658,461,11,692,709,59
2659,461,11,693,2342,73
2660,462,123,712,2272,70
2661,462,123,2270,2348,85
2662,462,129,676,5092,71
2663,462,129,5090,5099,83
2664,463,36,658,5039,62
2665,463,36,680,4708,67
2666,463,19,5010,5122,46
2667,463,19,2273,662,46
2668,464,53,574,5102,21
2669,464,53,2672,2350,49
2670,464,53,2277,700,68
2671,464,113,5148,4804,46
2672,464,113,2209,619,81
2673,465,21,656,578,65
2674,465,21,4906,2240,71
2675,465,8,5056,5066,66
2676,466,111,2671,5151,80
2677,466,111,5160,5161,80
2678,466,48,2057,1969,66
2679,466,48,2245,683,67
2680,467,10,2349,5182,75
2681,467,10,669,739,81
2682,467,14,665,702,64
2683,467,14,5165,5166,72
2684,468,128,704,441,84
2685,468,128,5172,5178,89
2686,468,124,5191,503,40
2687,468,124,5188,5189,51
2688,469,12,2189,2318,61
2689,469,12,5128,5129,78
2690,469,115,605,2290,46
2691,469,115,672,602,64
2692,470,3,5204,4532,29
2693,470,3,630,711,79
2694,470,58,5133,5140,57
2695,470,58,2313,567,72
2696,471,5,713,5206,70
2697,471,5,2225,5210,86
2698,471,112,689,581,56
2699,471,112,583,2157,86
2700,472,11,2322,2341,77
2701,472,11,622,693,82
2702,472,40,2299,2300,48
2703,472,40,2296,5226,58
2704,473,36,2335,4708,63
2705,473,36,5084,5039,75
2706,473,123,660,4998,83
2707,473,123,2271,2269,88
2708,474,129,676,2242,81
2709,474,129,678,5100,81
2710,474,19,662,2273,63
2711,474,19,694,695,78
2712,475,8,5064,5057,46
2713,475,8,2233,5065,62
2714,475,35,5067,496,46
2715,475,35,696,5070,68
2716,476,1,19,2235,64
2717,476,1,2268,2344,75
2718,476,21,5074,5076,39
2719,476,21,5072,3911,46
2720,476,21,5080,656,46
2721,477,48,683,5115,64
2722,477,48,2674,5113,74
2723,477,113,4802,4804,34
2724,477,113,2180,5143,67
2725,478,53,2277,700,46
2726,478,53,681,2682,65
2727,478,111,682,5158,83
2728,479,124,5192,703,64
2729,479,124,5193,549,77
2730,479,14,5165,702,46
2731,479,14,665,4810,48
2732,480,10,2285,2333,46
2733,480,10,669,5182,83
2734,480,128,441,5173,64
2735,480,128,2288,716,75
2736,481,58,2312,567,46
2737,481,58,2253,2250,61
2738,481,115,602,672,56
2739,481,115,5194,706,67
2740,482,12,663,632,23
2741,482,12,525,2252,53
2742,482,3,5200,2115,46
2743,482,3,707,2260,63
2744,483,40,2300,5217,71
2745,483,40,5220,5226,78
2746,483,112,673,2157,68
2747,483,112,708,581,83
2748,484,5,690,607,26
2749,484,5,2321,5212,67
2750,484,11,622,2341,74
2751,484,11,692,693,77
2752,486,35,654,710,61
2753,486,35,496,2328,76
2754,486,129,5088,2326,58
2755,486,129,5090,2242,73
2756,487,3,2261,711,54
2757,487,3,5199,2115,63
2758,487,128,5172,5175,54
2759,487,128,2329,716,70
2760,488,123,661,4998,85
2761,488,123,712,5124,88
2762,488,5,2225,5212,62
2763,489,115,5194,706,70
2764,489,115,2290,2194,79
2765,489,48,2057,1969,63
2766,489,48,2245,2676,73
2767,490,10,2349,1892,68
2768,490,36,2335,658,46
2769,490,36,5086,5039,66
2770,491,112,674,581,35
2771,491,112,675,5231,57
2772,491,53,2391,681,46
2773,491,53,2338,2339,63
2774,492,11,709,2670,104
2775,492,11,622,5236,119
2776,493,53,2308,2338,46
2777,493,53,5107,2391,66
2778,493,35,2159,653,60
2779,493,35,5070,496,64
2780,494,115,5194,706,54
2781,494,115,2291,605,64
2782,494,10,2333,669,80
2783,494,10,715,1892,90
2784,495,11,691,2342,84
2785,495,11,622,2670,90
2786,495,1,2345,5048,58
2787,495,1,2195,772,82
2788,496,123,2136,2348,84
2789,496,128,5172,5175,84
2790,496,128,667,441,107
2791,497,11,622,2342,71
2792,497,11,691,2670,78
2793,497,53,681,5107,55
2794,497,53,574,2338,71
2795,498,128,667,5177,67
2796,498,10,2333,669,46
2797,499,128,441,5176,79
2798,499,11,2120,2340,42
2799,499,11,2346,5233,46
2800,499,11,709,2342,46
2801,500,10,2334,1892,21
2802,500,10,2349,5183,106
2803,500,53,5106,2350,34
2804,500,53,681,2673,95
2805,501,5,782,690,46
2806,501,5,2225,5242,69
2807,501,14,5165,5164,66
2808,501,14,5247,702,81
2809,502,124,5254,787,66
2810,502,124,753,5188,71
2811,502,123,660,736,80
2812,502,123,717,712,87
2813,503,53,5274,2426,46
2814,503,53,5275,718,75
2815,503,7,2397,2392,61
2816,503,7,5284,5285,77
2817,504,31,5292,5295,57
2818,504,31,2354,5294,74
2819,504,19,5306,5307,75
2820,505,36,5317,5044,64
2821,505,36,761,5319,77
2822,505,122,2429,725,76
2823,505,122,2428,1753,83
2824,506,10,5337,5338,82
2825,506,128,5345,5346,46
2826,506,128,664,742,70
2827,507,1,738,754,75
2828,507,1,2195,2235,75
2829,507,137,2679,2387,55
2830,507,137,756,586,55
2831,508,22,2374,764,86
2832,508,32,5382,5387,46
2833,508,32,5385,5388,73
2834,509,46,835,2362,69
2835,509,46,730,5400,83
2836,509,48,683,5114,64
2837,510,12,5413,745,46
2838,510,21,5074,5419,46
2839,510,21,5418,5420,62
2840,511,115,5430,733,46
2841,511,115,5429,5431,70
2842,511,29,2363,5447,70
2843,511,29,5443,5446,70
2844,512,135,5460,5462,65
2845,512,135,796,5461,65
2846,512,35,5470,766,79
2847,512,35,2366,5471,79
2848,514,137,2418,647,46
2849,514,137,2419,757,53
2850,514,19,755,5315,68
2851,514,19,719,5307,78
2852,515,53,5275,718,51
2853,515,36,2368,5317,80
2854,515,36,761,5319,82
2855,516,14,5166,702,59
2856,516,14,776,5249,69
2857,516,123,661,712,56
2858,516,123,660,736,63
2859,518,1,2386,754,46
2860,518,1,633,699,72
2861,518,31,737,5301,82
2862,518,31,2356,5300,86
2863,519,10,726,594,83
2864,519,10,5337,5338,86
2865,519,22,2374,5380,71
2866,519,22,729,5377,78
2867,520,128,5346,762,62
2868,520,128,5344,742,75
2869,520,32,2139,5384,75
2870,520,32,5395,5388,84
2871,521,46,2684,5400,59
2872,521,46,861,775,64
2873,521,115,5435,733,74
2874,522,48,683,5114,64
2875,522,48,2676,769,84
2876,522,29,5446,5452,60
2877,522,29,5445,5443,76
2878,523,12,743,5128,46
2879,523,12,5412,765,73
2880,523,135,796,5462,46
2881,523,135,2401,746,56
2882,524,21,2381,5418,52
2883,524,21,2470,5423,68
2884,524,35,805,5475,76
2885,524,35,1269,5070,81
2886,525,5,2424,2407,53
2887,525,5,817,2680,60
2888,525,123,736,2414,72
2889,525,123,5266,5270,82
2890,526,14,776,702,34
2891,526,14,5247,5249,56
2892,526,124,5260,752,46
2893,526,124,5254,787,72
2894,527,1,738,754,46
2895,527,1,2195,2683,87
2896,528,137,2419,2420,64
2897,528,137,2389,586,78
2898,528,31,5291,5294,35
2899,528,31,758,5292,46
2900,529,53,2682,2426,51
2901,529,53,2491,2472,65
2902,529,122,5335,5330,46
2903,529,122,1753,5336,58
2904,530,7,572,2394,46
2905,530,7,760,2398,84
2906,530,36,2368,658,55
2907,530,36,724,5323,70
2908,532,128,686,5353,34
2909,532,128,742,5351,81
2910,532,22,2375,764,60
2911,532,22,5369,5377,73
2912,533,12,5128,5416,31
2913,533,12,2121,5413,78
2914,533,35,805,4917,82
2915,533,35,653,5476,88
2916,534,21,5424,500,43
2917,534,21,748,2381,79
2918,534,135,2401,5462,46
2919,534,135,2380,767,62
2920,536,48,731,2676,62
2921,536,48,683,5113,62
2922,536,115,5431,5434,58
2923,536,115,733,5437,78
2924,537,14,5165,702,54
2925,537,14,5247,5251,69
2926,537,19,5313,5306,63
2927,537,19,2385,719,79
2928,538,22,5374,764,45
2929,538,22,5369,5377,65
2930,539,10,2409,5342,83
2931,539,10,2410,5338,83
2932,539,5,2424,5242,61
2933,540,1,633,699,77
2934,540,115,5426,733,66
2935,540,115,5431,5436,78
2936,541,48,683,2676,22
2937,541,48,2057,2677,94
2938,541,123,660,2414,75
2939,541,123,5266,2678,98
2940,542,53,2391,774,52
2941,542,53,574,2472,79
2942,542,135,5462,2380,55
2943,542,135,2401,796,79
2944,543,35,5468,2365,49
2945,543,35,805,5471,79
2946,543,137,757,2679,55
2947,543,137,2418,2420,79
2948,544,46,2362,775,71
2949,544,46,5399,5400,74
2950,544,12,663,807,64
2951,544,12,5412,765,107
2952,545,5,2423,2424,51
2953,545,5,5242,2680,87
2954,545,137,756,2679,61
2955,546,53,735,5274,62
2956,546,53,574,774,70
2957,546,48,769,2676,53
2958,546,48,683,5110,78
2959,547,1,738,2235,82
2960,547,122,722,5335,67
2961,547,122,771,5336,80
2962,548,14,5166,702,46
2963,548,14,5165,777,62
2964,548,46,5399,835,46
2965,548,46,2440,5405,74
2966,549,53,5276,774,70
2967,549,53,735,574,73
2968,549,5,5242,2424,46
2969,549,5,5211,2384,99
2970,550,46,2440,5405,70
2971,550,1,728,699,38
2972,550,1,2195,5036,67
2973,551,53,2426,2391,67
2974,551,53,735,2369,90
2975,551,46,2702,5404,72
2976,551,46,2362,2684,72
2977,553,11,5480,5483,65
2978,553,11,2450,5482,74
2979,553,53,868,5276,65
2980,554,35,5500,836,82
2981,554,10,5508,739,66
2982,554,10,542,872,79
2983,555,15,5518,5523,54
2984,555,15,5519,5524,81
2985,555,37,813,811,70
2986,556,5,833,5544,74
2987,556,5,2384,2423,75
2988,556,21,5551,5554,23
2989,556,21,5553,5424,46
2990,557,124,786,789,69
2991,557,124,784,5560,72
2992,557,43,5566,5574,13
2993,557,43,5570,5573,62
2994,558,58,5134,5589,87
2995,558,58,2436,821,88
2996,558,119,5601,5604,45
2997,558,119,2459,5605,56
2998,559,12,5614,807,60
2999,559,12,791,829,66
3000,559,111,5619,5621,69
3001,559,111,803,5622,79
3002,560,120,2474,5637,73
3003,560,120,823,5636,82
3004,560,46,861,2497,80
3005,560,46,2684,835,80
3006,561,4,857,5660,33
3007,561,4,794,858,71
3008,561,49,5674,5675,67
3009,561,49,793,806,81
3010,562,32,5686,5687,61
3011,562,32,809,2466,74
3012,562,27,2478,5697,74
3013,562,27,827,5698,80
3014,563,135,5707,2447,56
3015,563,135,796,5708,80
3016,563,1,772,754,46
3017,563,1,19,841,70
3018,564,117,2456,5729,88
3019,564,47,2464,5744,67
3020,564,47,2461,5743,81
3021,565,37,780,2686,76
3022,565,37,916,5541,83
3023,565,124,752,810,58
3024,565,124,784,789,68
3025,566,21,5418,802,46
3026,566,21,5554,5419,72
3027,566,11,5480,5483,46
3028,566,11,801,5482,58
3029,567,53,868,5276,65
3030,567,53,2491,5498,87
3031,567,5,2384,2423,59
3032,567,5,5547,2502,74
3033,569,10,4430,872,10
3034,569,10,5508,739,59
3035,569,4,904,905,68
3036,569,4,858,794,80
3037,570,46,861,2497,41
3038,570,46,2455,5650,76
3039,570,58,2490,5592,73
3040,570,58,5588,5589,87
3041,571,111,5619,5621,58
3042,571,111,803,5622,77
3043,571,117,2456,5729,62
3044,571,117,5724,5738,80
3045,572,119,5603,5610,57
3046,572,119,804,5611,74
3047,572,120,2474,5637,46
3048,572,120,1878,5644,72
3049,573,49,5674,5675,54
3050,573,49,2443,910,70
3051,573,35,2512,825,54
3052,573,35,653,836,78
3053,574,47,2475,5744,81
3054,574,12,744,743,67
3055,574,12,829,2251,69
3056,575,1,2501,2480,63
3057,575,1,754,841,76
3058,575,32,2483,5687,60
3059,575,32,2466,5691,74
3060,577,124,750,786,57
3061,577,124,810,752,62
3062,577,15,5519,5524,64
3063,577,15,5529,5530,69
3064,578,43,5579,5569,46
3065,578,43,5581,5572,65
3066,578,37,780,813,61
3067,578,37,811,837,71
3068,579,21,2239,5423,46
3069,579,21,5424,802,70
3070,579,53,2469,5498,67
3071,579,53,5494,5276,88
3072,580,5,2384,2423,46
3073,580,5,5547,2502,46
3074,580,11,5481,5492,52
3075,580,11,709,5478,71
3076,581,117,2456,5738,68
3077,581,12,2251,2437,89
3078,582,46,835,2684,75
3079,582,46,730,5652,86
3080,582,119,5603,5610,22
3081,582,119,5602,897,46
3082,583,120,5631,5645,55
3083,583,120,5635,823,69
3084,583,58,5134,5589,71
3085,584,47,2465,5744,60
3086,584,47,5749,5751,70
3087,584,111,5626,5628,62
3088,584,111,5627,5622,79
3089,585,49,5681,882,21
3090,585,49,793,910,67
3091,585,10,739,5508,27
3092,585,10,779,871,68
3093,586,4,5661,5653,20
3094,586,4,794,5668,58
3095,586,35,805,826,46
3096,586,35,747,836,63
3097,587,27,795,828,46
3098,587,27,827,5704,71
3099,587,1,5721,754,46
3100,587,1,5715,841,71
3101,588,32,2483,5685,70
3102,588,32,5686,5691,70
3103,588,135,5708,2447,70
3104,588,135,2367,796,84
3105,589,124,752,789,72
3106,589,124,784,5560,79
3107,589,12,2251,743,99
3108,589,12,2379,2688,112
3109,590,111,5619,5627,79
3110,590,11,801,709,59
3111,590,11,5490,5480,70
3112,591,10,779,871,69
3113,591,10,739,5338,73
3114,591,119,5604,5612,59
3115,591,119,5605,2536,83
3116,592,5,2384,2423,85
3117,592,135,2482,2489,46
3118,592,135,2486,5459,61
3119,593,1,728,754,73
3120,594,53,5498,2492,46
3121,594,53,5494,5276,58
3122,594,37,800,5536,73
3123,594,37,834,837,85
3124,595,27,2493,828,60
3125,595,27,827,5698,71
3126,595,35,653,826,46
3127,595,35,747,5500,83
3128,596,46,5651,5650,58
3129,596,46,835,2455,80
3130,596,117,5724,5729,64
3131,598,10,739,871,71
3132,598,10,542,5338,91
3133,598,37,916,837,84
3134,598,37,813,2686,99
3135,599,12,820,2687,82
3136,599,12,818,2688,105
3137,599,35,2498,836,46
3138,599,35,653,826,63
3139,600,5,817,5544,75
3140,600,46,5651,2684,69
3141,600,46,5405,5399,74
3142,601,5,817,5546,85
3143,601,12,2484,5614,54
3144,602,1,841,728,57
3145,602,37,2686,5542,66
3146,602,37,916,5541,72
3147,603,12,2484,2437,46
3148,603,12,744,2688,64
3149,603,37,5540,886,55
3150,603,37,812,5536,83
3151,604,5,817,5548,90
3152,604,1,797,728,46
3153,604,1,2499,5722,62
3154,605,5,913,781,63
3155,606,10,956,5773,46
3156,606,124,874,5780,74
3157,606,124,891,5781,88
3158,607,119,5792,5793,72
3159,608,118,5801,5803,57
3160,608,118,948,899,57
3161,608,14,5817,5819,73
3162,608,14,702,5818,89
3163,609,32,5832,849,53
3164,609,32,809,870,83
3165,609,114,5838,5846,66
3166,609,114,5839,5847,77
3167,610,43,5860,855,56
3168,610,43,5859,856,68
3169,610,30,5872,854,26
3170,610,30,5871,2509,79
3171,611,1,2499,914,83
3172,611,4,794,905,64
3173,611,4,857,5892,88
3174,612,35,2665,2531,46
3175,612,35,464,877,46
3176,612,42,5918,5919,69
3177,613,46,5646,5933,90
3178,613,37,813,884,71
3179,613,37,5943,812,74
3180,614,122,5954,5957,61
3181,614,122,5956,5958,68
3182,614,57,5971,2517,57
3183,617,5,781,5242,24
3184,617,5,960,5758,51
3185,617,43,2541,852,46
3186,617,43,855,856,61
3187,618,53,917,966,46
3188,618,118,5800,5801,65
3189,618,118,5803,899,65
3190,619,10,903,5773,80
3191,619,32,809,844,65
3192,619,32,5835,5381,68
3193,620,119,5792,920,25
3194,620,119,2506,5793,66
3195,620,14,5817,5818,46
3196,621,12,5764,5770,46
3197,621,12,745,5767,80
3198,621,30,2508,5879,46
3199,622,124,5779,909,46
3200,622,124,874,789,79
3201,623,35,2531,877,63
3202,623,35,5903,5908,63
3203,623,137,5985,5996,74
3204,623,137,2419,5994,83
3205,624,46,861,5647,46
3206,624,122,5959,5960,75
3207,624,122,5956,5965,77
3208,625,1,925,19,61
3209,625,1,754,880,79
3210,625,17,6014,907,46
3211,625,17,2515,906,66
3212,626,42,5918,883,58
3213,626,49,793,6006,66
3214,626,49,5999,6007,78
3215,627,37,5946,944,59
3216,627,37,834,919,81
3217,627,57,5971,2517,46
3218,627,57,5968,5978,78
3219,628,4,858,905,65
3220,628,4,5891,5898,76
3221,628,7,6029,6031,46
3222,628,7,2556,6030,80
3223,629,124,891,5781,88
3224,629,32,889,5832,71
3225,629,32,809,5828,71
3226,630,12,5764,5767,46
3227,630,12,2379,5766,62
3228,630,43,5859,5565,67
3229,630,43,855,5865,70
3230,631,119,5791,5795,26
3231,631,119,804,898,74
3232,631,118,5802,5803,50
3233,631,118,948,5800,50
3234,633,5,866,913,67
3235,633,5,5242,5760,78
3236,633,30,2508,5879,33
3237,633,30,5871,5881,78
3238,634,10,240,832,75
3239,634,10,903,5773,75
3240,634,114,5845,5855,78
3241,634,114,5843,5847,78
3242,636,37,930,923,70
3243,636,37,862,919,89
3244,636,122,5954,5965,31
3245,636,122,5956,864,70
3246,637,4,5899,5897,31
3247,637,4,2442,5891,75
3248,637,17,6015,6014,37
3249,637,17,2562,907,58
3250,638,49,2444,6002,50
3251,638,49,793,6001,73
3252,638,35,5903,5908,46
3253,638,35,860,5502,78
3254,639,1,841,19,66
3255,639,1,908,914,69
3256,640,57,5968,5978,76
3257,641,7,6035,6031,46
3258,641,7,6027,6029,46
3259,641,37,930,813,15
3260,641,37,838,919,85
3261,642,119,922,898,82
3262,642,12,5767,5770,46
3263,642,12,5766,5762,88
3264,643,1,880,754,63
3265,643,1,936,914,74
3266,643,46,878,5941,77
3267,645,12,5763,5769,65
3268,645,12,5764,894,67
3269,645,124,842,5779,87
3270,645,124,891,789,89
3271,646,7,6034,6031,46
3272,646,7,6037,912,46
3273,646,49,793,6006,68
3274,647,5,25,913,46
3275,647,5,866,5760,64
3276,647,10,5771,5774,82
3277,647,10,871,2557,83
3278,648,1,841,880,46
3279,648,35,464,860,46
3280,648,35,5908,2531,65
3281,649,37,862,884,63
3282,649,37,813,923,83
3283,649,49,5673,5671,86
3284,650,119,922,898,52
3285,650,124,891,5781,57
3286,650,124,874,5779,78
3287,651,53,2537,2432,34
3288,651,53,924,2504,75
3289,651,10,903,5773,69
3290,652,35,877,5906,67
3291,652,35,5901,5499,73
3292,652,46,5932,5937,63
3293,652,46,5941,5939,64
3294,653,1,2499,908,73
3295,653,1,2501,841,97
3296,653,37,838,5535,50
3297,653,37,5535,944,60
3298,654,119,898,2506,46
3299,654,119,804,5793,77
3300,654,53,2519,2504,28
3301,654,53,900,778,70
3302,655,119,5602,2458,46
3303,655,37,5946,944,66
3304,655,37,812,884,83
3305,656,53,900,778,7
3306,656,53,778,966,89
3307,656,1,2538,908,62
3308,656,1,841,936,70
3309,657,119,6053,896,79
3310,657,119,6052,2590,84
3311,658,133,6065,6067,81
3312,658,133,6063,6066,88
3313,658,111,6081,6085,67
3314,659,53,2519,931,46
3315,659,37,930,945,74
3316,659,37,884,6108,76
3317,661,115,959,967,70
3318,661,50,6132,949,50
3319,664,128,6150,999,81
3320,664,10,6163,963,66
3321,664,10,2554,956,86
3322,665,111,6077,6086,39
3323,665,111,6092,6085,46
3324,666,5,5761,6168,64
3325,666,5,6168,6169,71
3326,666,37,6104,5944,55
3327,667,119,920,5792,60
3328,667,119,6053,896,76
3329,668,53,2434,6097,79
3330,668,53,939,900,83
3331,668,43,852,6180,46
3332,668,43,6178,941,46
3333,669,115,959,951,46
3334,669,115,996,967,68
3335,669,118,899,6187,62
3336,670,10,963,6163,70
3337,670,10,871,2553,83
3338,670,35,6196,6201,51
3339,670,35,6195,6202,80
3340,671,32,6209,6212,56
3341,671,32,844,6213,74
3342,671,50,6132,949,84
3343,671,50,943,6127,89
3344,672,7,6225,6030,71
3345,672,128,6147,1007,36
3346,672,128,6148,999,60
3347,673,53,6095,6097,6
3348,673,53,2519,931,73
3349,673,5,6169,961,72
3350,674,133,6064,6065,82
3351,675,37,6112,834,46
3352,675,37,813,884,75
3353,675,43,6178,2708,73
3354,677,118,899,6187,60
3355,677,118,2550,5801,67
3356,677,50,6132,6131,51
3357,677,50,949,6139,66
3358,679,115,996,6123,10
3359,679,115,6115,6120,44
3360,680,10,2554,2547,71
3361,680,10,2553,871,84
3362,680,7,6223,6030,61
3363,680,7,6225,6230,84
3364,681,115,959,6122,60
3365,681,115,953,6119,66
3366,683,10,6163,871,70
3367,683,10,6161,2547,76
3368,683,118,869,6190,11
3369,683,118,5802,5810,46
3370,684,5,5761,2548,46
3371,684,5,961,6169,83
3372,684,119,6052,6058,64
3373,685,5,867,2548,46
3374,685,5,6169,6168,60
3375,685,10,6166,832,34
3376,685,10,2553,871,67
3377,686,119,6052,2590,46
3378,686,119,896,6053,86
3379,686,118,2542,5810,46
3380,686,118,899,6187,74
3381,687,115,6120,967,79
3382,688,53,6095,6097,46
3383,688,53,939,900,72
3384,688,7,887,6232,63
3385,689,5,866,961,64
3386,689,5,2522,6174,85
3387,689,118,947,6192,51
3388,690,115,6116,6114,21
3389,690,115,951,6119,65
3390,690,53,966,6102,46
3391,690,53,940,900,77
3392,691,10,871,2553,7
3393,691,10,2554,988,77
3394,691,119,2590,6053,64
3395,692,7,887,6231,71
3396,692,1,6041,936,46
3397,692,1,935,914,60
3398,693,10,6163,934,46
3399,693,10,2554,988,64
3400,693,53,2519,6102,78
3401,694,5,867,2558,65
3402,694,5,6169,961,74
3403,694,115,951,967,59
3404,694,115,2594,2559,72
3405,696,1,973,965,75
3406,696,17,6264,2577,76
3407,696,17,6263,6265,83
3408,697,1,6278,982,55
3409,698,138,6313,6315,64
3410,698,138,2567,6316,78
3411,698,32,844,6330,75
3412,700,119,920,6341,70
3413,700,119,6339,6340,85
3414,700,5,1003,961,46
3415,700,5,2602,6354,67
3416,702,135,1052,6365,64
3417,704,6,6306,6304,46
3418,704,6,6295,6305,61
3419,704,1,6251,965,46
3420,704,1,974,6256,67
3421,705,138,6307,6317,21
3422,705,138,6314,6313,46
3423,706,17,6264,6270,46
3424,706,17,6271,6272,67
3425,706,1,6285,6286,29
3426,706,1,2564,2587,72
3427,707,115,2595,998,73
3428,707,128,6147,2580,61
3429,707,128,6383,6385,75
3430,708,5,6352,6357,60
3431,708,5,993,6360,78
3432,708,53,2715,966,66
3433,708,53,6395,6398,66
3434,709,41,6407,6415,37
3435,709,41,6413,6414,46
3436,709,119,6338,6340,65
3437,709,119,2592,6344,71
3438,711,138,6321,6311,61
3439,711,138,2567,6315,62
3440,711,10,6236,989,10
3441,711,10,6233,2584,59
3442,712,1,6277,2600,65
3443,712,1,6045,6254,68
3444,712,1,973,6257,69
3445,713,6,6294,6305,65
3446,713,6,6291,6298,82
3447,713,17,6264,6272,57
3448,713,17,2577,6270,72
3449,714,32,844,6330,65
3450,714,137,975,991,70
3451,715,119,920,6340,78
3452,715,53,6396,6398,33
3453,715,53,6404,2591,46
3454,716,5,25,6353,52
3455,716,5,961,1003,57
3456,716,41,6408,6420,25
3457,716,41,6423,2593,52
3458,717,11,6430,6433,46
3459,717,11,6432,6434,55
3460,717,115,2595,6378,46
3461,717,115,996,998,79
3462,718,128,6392,6391,60
3463,718,128,6388,1007,76
3464,718,135,6373,1052,43
3465,718,135,6369,2572,46
3466,719,128,2581,6387,60
3467,719,128,6147,6391,80
3468,719,119,920,6349,60
3469,720,137,980,5993,84
3470,720,137,976,981,84
3471,720,1,6256,1006,73
3472,720,1,965,937,78
3473,721,115,2559,6378,84
3474,721,5,6352,6357,46
3475,721,5,961,25,46
3476,722,1,2600,6277,46
3477,722,1,6284,6278,64
3478,723,1,6278,6286,54
3479,723,1,6284,2587,64
3480,724,5,25,6356,46
3481,724,5,6351,961,46
3482,725,119,920,6340,57
3483,725,119,985,6341,80
3484,725,137,980,5993,16
3485,725,137,981,2706,81
3486,726,1,6259,1005,64
3487,726,1,965,937,83
3488,726,128,6149,6384,32
3489,727,137,2706,991,70
3490,727,137,6248,6246,78
3491,728,1,6278,2564,65
3492,728,1,969,6286,80
3493,729,119,2590,6349,80
3494,729,119,6338,6340,80
3495,730,115,932,998,67
3496,730,115,996,6378,85
3497,730,10,6235,2584,61
3498,731,10,6239,2584,66
3499,731,119,2590,6340,73
3500,731,119,920,6348,75
3501,732,115,932,959,46
3502,732,115,6115,998,68
